date,ticker,action,price,shares,amount,cash_balance,total_value,strategy,pnl
2025-10-01,TTD,BUY,49.31999969482422,20,986.8931938934326,9013.106806106567,10000.0,new_ml,0.0
2025-10-01,MRNA,BUY,27.600000381469727,36,994.0968137397765,8019.00999236679,10000.0,new_ml,0.0
2025-10-01,DOW,BUY,22.712587356567383,44,999.8535206108093,7019.156471755981,10000.0,new_ml,0.0
2025-10-01,REGN,BUY,599.188720703125,1,599.4883150634765,6419.668156692504,10000.0,new_ml,0.0
2025-10-01,LULU,BUY,177.57000732421875,5,888.2939616394043,5531.3741950531,10000.0,new_ml,0.0
2025-10-01,STZ,BUY,137.86793518066406,7,965.5580840377808,4565.81611101532,10000.0,new_ml,0.0
2025-10-01,LYB,BUY,47.06593704223633,21,988.8788702259063,3576.9372407894134,10000.0,new_ml,0.0
2025-10-01,TGT,BUY,88.0303726196289,11,968.8182658653259,2608.1189749240875,10000.0,new_ml,0.0
2025-10-01,BF-B,BUY,27.335721969604492,36,984.5780339012146,1623.540941022873,10000.0,new_ml,0.0
2025-10-01,ERIE,BUY,310.71539306640625,3,932.6122522888184,690.9286887340547,10000.0,new_ml,0.0
2025-10-02,LULU,SELL,178.1999969482422,5,890.5544847488404,1581.4831734828952,10130.946182935715,new_ml,2.704448127746673
2025-10-02,ERIE,SELL,313.2644348144531,3,939.3234077911377,2520.806581274033,10130.946182935715,new_ml,7.177228591918947
2025-10-02,ON,BUY,48.7400016784668,20,975.2874335861205,1545.5191476879122,10130.946182935715,new_ml,0.0
2025-10-02,ALGN,BUY,128.6999969482422,7,901.3504286270141,644.1687190608981,10130.946182935715,new_ml,0.0
2025-10-03,BF-B,SELL,27.75245475769043,36,998.5888270912171,1642.757546152115,10207.079371221542,new_ml,14.502836185455408
2025-10-03,ALGN,SELL,132.1699981689453,7,924.727392189026,2567.484938341141,10207.079371221542,new_ml,23.827413551330665
2025-10-03,LULU,BUY,175.58999633789062,5,878.3889566802978,1689.0959816608433,10207.079371221542,new_ml,0.0
2025-10-03,ZBRA,BUY,305.010009765625,3,915.4875443115234,773.60843734932,10207.079371221542,new_ml,0.0
2025-10-06,TGT,SELL,87.85261535644531,11,965.895579536438,1739.5040168857581,10134.890309144974,new_ml,-2.4385192794799195
2025-10-06,LULU,SELL,174.1199951171875,5,870.1646755981445,2609.6686924839028,10134.890309144974,new_ml,-7.785306091308598
2025-10-06,AES,BUY,14.090862274169922,71,1000.9514470767974,1608.7172454071053,10134.890309144974,new_ml,0.0
2025-10-06,ALGN,BUY,131.5,7,920.96025,687.7569954071054,10134.890309144974,new_ml,0.0
2025-10-07,ZBRA,SELL,296.6400146484375,3,889.4750839233399,1577.2320793304452,10052.208447662355,new_ml,-25.554945373535134
2025-10-07,AES,SELL,14.219228744506836,71,1009.0604582395554,2586.2925375700006,10052.208447662355,new_ml,8.60923677349092
2025-10-07,ALGN,SELL,130.47000122070312,7,912.8333635406494,3499.12590111065,10052.208447662355,new_ml,-7.6666364593505705
2025-10-07,MCHP,BUY,64.37931823730469,15,966.17261844635,2532.9532826643,10052.208447662355,new_ml,0.0
2025-10-07,APO,BUY,125.55776977539062,8,1004.9643892822265,1527.9888933820735,10052.208447662355,new_ml,0.0
2025-10-07,LVS,BUY,51.590213775634766,19,980.704168767929,547.2847246141445,10052.208447662355,new_ml,0.0
2025-10-08,STZ,SELL,141.64825439453125,7,991.042011871338,1538.3267364854823,10177.195498845102,new_ml,25.966465606689553
2025-10-08,MCHP,SELL,66.32179260253906,15,994.3294755935669,2532.6562120790495,10177.195498845102,new_ml,28.639702033996628
2025-10-08,APO,SELL,124.31265258789062,8,994.0039700927734,3526.660182171823,10177.195498845102,new_ml,-10.458188110351557
2025-10-08,LVS,SELL,53.054264068603516,19,1007.5270017948151,4534.187183966638,10177.195498845102,new_ml,27.31294005775453
2025-10-08,FCX,BUY,42.69685363769531,23,982.5186474838256,3551.6685364828127,10177.195498845102,new_ml,0.0
2025-10-08,HPQ,BUY,27.030000686645508,37,1000.6100804185867,2551.058456064226,10177.195498845102,new_ml,0.0
2025-10-08,DECK,BUY,101.58000183105469,10,1016.3079183197021,1534.7505377445239,10177.195498845102,new_ml,0.0
2025-10-08,BF-B,BUY,27.593700408935547,36,993.8699013290404,540.8806364154834,10177.195498845102,new_ml,0.0
2025-10-09,FCX,SELL,43.15521240234375,23,992.0736003112794,1532.9542367267627,10069.694305620196,new_ml,10.045966644287205
2025-10-09,HPQ,SELL,26.969999313354492,37,997.3910296068192,2530.345266333582,10069.694305620196,new_ml,-2.7189957990646008
2025-10-09,DECK,SELL,98.8499984741211,10,988.0057347488404,3518.3510010824225,10069.694305620196,new_ml,-27.794283561706493
2025-10-09,BF-B,SELL,27.167043685913086,36,977.5245659065247,4495.875566988947,10069.694305620196,new_ml,-15.848648815155002
2025-10-09,TGT,BUY,87.9908676147461,11,968.3834935340881,3527.4920734548587,10069.694305620196,new_ml,0.0
2025-10-09,APP,BUY,600.3200073242188,1,600.6201673278808,2926.8719061269776,10069.694305620196,new_ml,0.0
2025-10-09,WBD,BUY,17.670000076293945,56,990.0147642745972,1936.8571418523804,10069.694305620196,new_ml,0.0
2025-10-09,STZ,BUY,141.85662841796875,7,993.4928971252441,943.3642447271363,10069.694305620196,new_ml,0.0
2025-10-10,LYB,SELL,43.65409851074219,21,916.2777006912232,1859.6419454183597,9685.417215613366,new_ml,-72.10697719573966
2025-10-10,WBD,SELL,17.100000381469727,56,957.1212213516236,2816.7631667699834,9685.417215613366,new_ml,-32.398782920837334
2025-10-10,STZ,SELL,140.22940063476562,7,981.1150015411378,3797.878168311121,9685.417215613366,new_ml,-11.881397384643492
2025-10-10,ZBRA,BUY,275.8900146484375,3,828.0838789672852,2969.7942893438358,9685.417215613366,new_ml,0.0
2025-10-10,DECK,BUY,95.06999969482422,10,951.1753469467162,2018.6189423971196,9685.417215613366,new_ml,0.0
2025-10-10,LULU,BUY,167.50999450683594,5,837.9687475204468,1180.6501948766727,9685.417215613366,new_ml,0.0
2025-10-13,DECK,SELL,98.30999755859375,10,982.6084255981445,2163.2586204748172,9873.826060050013,new_ml,31.908428649902362
2025-10-13,LULU,SELL,169.85000610351562,5,848.8254055023194,3012.0840259771367,9873.826060050013,new_ml,11.27543296813974
2025-10-13,CRL,BUY,170.63999938964844,5,853.6265969467163,2158.4574290304204,9873.826060050013,new_ml,0.0
2025-10-13,LYB,BUY,44.97606658935547,21,944.969647075653,1213.4877819547673,9873.826060050013,new_ml,0.0
2025-10-14,MRNA,SELL,26.25,36,944.5275,2158.0152819547675,9912.619621706965,new_ml,-49.072513732910124
2025-10-14,CRL,SELL,170.1300048828125,5,850.2246994018556,3008.239981356623,9912.619621706965,new_ml,-2.975297546386628
2025-10-14,IT,BUY,246.72999572753906,4,987.4134429016112,2020.8265384550118,9912.619621706965,new_ml,0.0
2025-10-14,UPS,BUY,82.61385345458984,11,909.2067641944885,1111.6197742605232,9912.619621706965,new_ml,0.0
2025-10-15,LYB,SELL,45.45235824584961,21,954.0222734012605,2065.6420476617836,9959.77540246487,new_ml,9.52487502479562
2025-10-15,UPS,SELL,82.65316009521484,11,908.7301686668396,2974.3722163286234,9959.77540246487,new_ml,-0.02221933364864981
2025-10-15,FISV,BUY,121.11000061035156,8,969.3644448852539,2005.0077714433696,9959.77540246487,new_ml,0.0
2025-10-15,BF-B,BUY,26.948755264282227,36,970.6402671089172,1034.3675043344524,9959.77540246487,new_ml,0.0
2025-10-16,REGN,SELL,568.457275390625,1,568.1730467529297,1602.540551087382,9974.507763123514,new_ml,-31.015673950195264
2025-10-16,APP,SELL,605.6799926757812,1,605.3771526794434,2207.9177037668255,9974.507763123514,new_ml,5.057145355224634
2025-10-16,BF-B,SELL,28.06004524230957,36,1009.6565479087831,3217.5742516756086,9974.507763123514,new_ml,39.50135839462291
2025-10-16,SWK,BUY,67.12189483642578,14,940.1763809738159,2277.3978707017927,9974.507763123514,new_ml,0.0
2025-10-16,COIN,BUY,330.25,3,991.245375,1286.1524957017928,9974.507763123514,new_ml,0.0
2025-10-16,LYB,BUY,44.57752990722656,22,981.1960107879638,304.95648491382894,9974.507763123514,new_ml,0.0
2025-10-17,FISV,SELL,121.6500015258789,8,972.7134122009278,1277.6698971147566,10021.767573475841,new_ml,3.8334073181152917
2025-10-17,SWK,SELL,67.06259155273438,14,938.4068435974121,2216.076740712169,10021.767573475841,new_ml,-1.299684112548789
2025-10-17,COIN,SELL,336.0199890136719,3,1007.5559370574952,3223.632677769664,10021.767573475841,new_ml,16.805937057495157
2025-10-17,APP,BUY,599.3099975585938,1,599.609652557373,2624.023025212291,10021.767573475841,new_ml,0.0
2025-10-17,TER,BUY,138.05567932128906,7,966.8729501266479,1657.150075085643,10021.767573475841,new_ml,0.0
2025-10-17,INTC,BUY,37.0099983215332,27,999.7695896587371,657.3804854269059,10021.767573475841,new_ml,0.0
2025-10-20,ON,SELL,54.88999938964844,20,1097.2510877990724,1754.6315732259782,10143.24336994839,new_ml,122.45105422973643
2025-10-20,TGT,SELL,90.390625,11,993.7997265625,2748.431299788478,10143.24336994839,new_ml,25.90018280029301
2025-10-20,INTC,SELL,38.099998474121094,27,1028.185608821869,3776.6169086103473,10143.24336994839,new_ml,28.915654140472498
2025-10-20,REGN,BUY,576.0477905273438,1,576.3358144226074,3200.2810941877397,10143.24336994839,new_ml,0.0
2025-10-20,KKR,BUY,119.9247055053711,8,959.8773428649902,2240.4037513227495,10143.24336994839,new_ml,0.0
2025-10-20,SWK,BUY,68.28820037841797,14,956.5128227005005,1283.890928622249,10143.24336994839,new_ml,0.0
2025-10-21,ZBRA,SELL,306.2099914550781,3,918.1706593780518,2202.0615880003006,10325.645452853207,new_ml,90.50061543273932
2025-10-21,TER,SELL,143.22177124023438,7,1002.0511224822999,3204.1127104826005,10325.645452853207,new_ml,35.66136723327645
2025-10-21,KKR,SELL,123.48920440673828,8,987.4196784362794,4191.53238891888,10325.645452853207,new_ml,28.022034393310605
2025-10-21,SWK,SELL,70.03765869140625,14,980.0369580688478,5171.569346987728,10325.645452853207,new_ml,24.00215277099619
2025-10-21,MU,BUY,202.2899932861328,5,1011.9556914138793,4159.6136555738485,10325.645452853207,new_ml,0.0
2025-10-21,LEN,BUY,128.24000549316406,8,1026.433003967285,3133.1806516065635,10325.645452853207,new_ml,0.0
2025-10-21,AMD,BUY,238.02999877929688,4,952.596055114746,2180.5845964918176,10325.645452853207,new_ml,0.0
2025-10-21,INTC,BUY,38.119998931884766,27,1029.754591146469,1150.8300053453486,10325.645452853207,new_ml,0.0
2025-10-22,REGN,SELL,584.0077514648438,1,583.7157475891114,1734.5457529344599,10216.22288864613,new_ml,7.667957061767652
2025-10-22,MU,SELL,198.47000122070312,5,991.8538311004639,2726.399584034924,10216.22288864613,new_ml,-19.596135330200127
2025-10-22,LEN,SELL,127.13999938964844,8,1016.6114351196289,3743.0110191545527,10216.22288864613,new_ml,-9.308608825683564
2025-10-22,INTC,SELL,36.91999816894531,27,996.3415305862427,4739.352549740795,10216.22288864613,new_ml,-32.898440574645974
2025-10-22,ON,BUY,51.93000030517578,19,987.163340801239,3752.1892089395565,10216.22288864613,new_ml,0.0
2025-10-22,TER,BUY,138.7351531982422,7,971.6316454238892,2780.5575635156674,10216.22288864613,new_ml,0.0
2025-10-22,ZBRA,BUY,302.6300048828125,3,908.3439596557616,1872.2136038599058,10216.22288864613,new_ml,0.0
2025-10-22,WDC,BUY,120.37321472167969,8,963.4672106323242,908.7463932275816,10216.22288864613,new_ml,0.0
2025-10-23,AMD,SELL,234.99000549316406,4,939.4900419616699,1848.2364351892516,10533.316446328168,new_ml,-12.629953155517569
2025-10-23,TER,SELL,144.9304656982422,7,1014.0060032577516,2862.242438447003,10533.316446328168,new_ml,42.859930870056246
2025-10-23,ZBRA,SELL,313.8900146484375,3,941.1992089233399,3803.441647370343,10533.316446328168,new_ml,33.30919427490244
2025-10-23,WDC,SELL,125.6189956665039,8,1004.4494893493653,4807.891136719709,10533.316446328168,new_ml,41.46377157592781
2025-10-23,STX,BUY,226.41000366210938,4,906.0928346557616,3901.798302063947,10533.316446328168,new_ml,0.0
2025-10-23,DECK,BUY,102.54000091552734,10,1025.912709159851,2875.8855929040965,10533.316446328168,new_ml,0.0
2025-10-23,INTC,BUY,38.15999984741211,27,1030.8351558780669,1845.0504370260296,10533.316446328168,new_ml,0.0
2025-10-23,FDS,BUY,285.7026062011719,3,857.5363725128174,987.5140645132122,10533.316446328168,new_ml,0.0
2025-10-24,STX,SELL,234.1199951171875,4,936.0117404785157,1923.525804991728,10397.151782713896,new_ml,30.371725830078162
2025-10-24,INTC,SELL,38.279998779296875,27,1033.043187057495,2956.568992049223,10397.151782713896,new_ml,2.7231911773681077
2025-10-24,FDS,SELL,284.168701171875,3,852.0798504638673,3808.6488425130906,10397.151782713896,new_ml,-5.027968139648351
2025-10-24,PLTR,BUY,184.6300048828125,5,923.6115994262694,2885.037243086821,10397.151782713896,new_ml,0.0
2025-10-24,TER,BUY,144.17105102539062,7,1009.7019558563231,1875.335287230498,10397.151782713896,new_ml,0.0
2025-10-24,REGN,BUY,577.2262573242188,1,577.5148704528808,1297.820416777617,10397.151782713896,new_ml,0.0
2025-10-27,TTD,SELL,53.61000061035156,20,1071.6639122009278,2369.484328978545,10668.583928435331,new_ml,85.26391830444345
2025-10-27,TER,SELL,147.38861083984375,7,1031.2044157409669,3400.6887447195118,10668.583928435331,new_ml,22.007058563232476
2025-10-27,REGN,SELL,584.5770263671875,1,584.284737854004,3984.973482573516,10668.583928435331,new_ml,7.058480529785243
2025-10-27,MRNA,BUY,26.65999984741211,40,1066.9331938934326,2918.040288680083,10668.583928435331,new_ml,0.0
2025-10-27,WBD,BUY,21.040000915527344,50,1052.5260457992554,1865.5142428808276,10668.583928435331,new_ml,0.0
2025-10-27,FDS,BUY,289.1787414550781,3,867.9699924774169,997.5442504034107,10668.583928435331,new_ml,0.0
2025-10-28,APP,SELL,626.8200073242188,1,626.5065973205567,1624.0508477239673,10487.235626135833,new_ml,27.196599761962943
2025-10-28,ON,SELL,51.79999923706055,19,983.7078855113983,2607.7587332353655,10487.235626135833,new_ml,-2.962120286941513
2025-10-28,WBD,SELL,20.989999771118164,50,1048.9752385616302,3656.733971796996,10487.235626135833,new_ml,-3.0248072147369385
2025-10-28,TTD,BUY,51.66999816894531,20,1033.9166633605957,2622.8173084364,10487.235626135833,new_ml,0.0
2025-10-28,ARE,BUY,62.939998626708984,16,1007.5434980163574,1615.2738104200425,10487.235626135833,new_ml,0.0
2025-10-28,INTC,BUY,41.529998779296875,25,1038.769094467163,576.5047159528795,10487.235626135833,new_ml,0.0
2025-10-29,IT,SELL,249.74000549316406,4,998.46054196167,1574.9652579145495,10242.98067954541,new_ml,11.540559051513696
2025-10-29,PLTR,SELL,198.80999755859375,5,993.5529627990724,2568.5182207136218,10242.98067954541,new_ml,70.40293838500986
2025-10-29,MRNA,SELL,24.700000762939453,40,987.5060305023194,3556.024251215941,10242.98067954541,new_ml,-78.89396339416498
2025-10-29,TTD,SELL,49.959999084472656,20,998.7003816986085,4554.724632914549,10242.98067954541,new_ml,-34.6995816802978
2025-10-29,ARE,SELL,58.7599983215332,16,939.6898931579591,5494.414526072508,10242.98067954541,new_ml,-67.35008486938466
2025-10-29,INTC,SELL,41.34000015258789,25,1032.98325381279,6527.397779885298,10242.98067954541,new_ml,-5.266715669631822
2025-10-29,APP,BUY,631.2000122070312,1,631.5156122131348,5895.882167672164,10242.98067954541,new_ml,0.0
2025-10-29,PSKY,BUY,15.880000114440918,64,1016.8281673278808,4879.054000344283,10242.98067954541,new_ml,0.0
2025-10-29,ZBRA,BUY,270.7699890136719,3,812.716122024536,4066.337878319747,10242.98067954541,new_ml,0.0
2025-10-29,VRSK,BUY,208.0,4,832.4159999999999,3233.9218783197466,10242.98067954541,new_ml,0.0
2025-10-29,REGN,BUY,652.0924072265625,1,652.4184534301758,2581.503424889571,10242.98067954541,new_ml,0.0
2025-10-29,KVUE,BUY,14.131980895996094,72,1018.0113758239745,1563.4920490655963,10242.98067954541,new_ml,0.0
2025-10-30,DOW,SELL,23.451608657836914,44,1031.3548455543519,2594.846894619948,10105.090430108077,new_ml,32.001001865387025
2025-10-30,PSKY,SELL,15.460000038146973,64,988.9452824401856,3583.792177060134,10105.090430108077,new_ml,-27.374724884033185
2025-10-30,ZBRA,SELL,261.3699951171875,3,783.7179303588867,4367.510107419021,10105.090430108077,new_ml,-28.592036682128878
2025-10-30,VRSK,SELL,217.60000610351562,4,869.9648244018555,5237.474931820876,10105.090430108077,new_ml,37.96482440185548
2025-10-30,REGN,SELL,653.220947265625,1,652.8943367919923,5890.369268612868,10105.090430108077,new_ml,0.8019295654297594
2025-10-30,KVUE,SELL,14.062850952148438,72,1012.0190059204102,6902.3882745332785,10105.090430108077,new_ml,-5.483618591308527
2025-10-30,TTD,BUY,48.970001220703125,20,979.8897244262695,5922.498550107009,10105.090430108077,new_ml,0.0
2025-10-30,TER,BUY,176.74644470214844,5,884.1740896224975,5038.324460484511,10105.090430108077,new_ml,0.0
2025-10-30,CPAY,BUY,255.0,3,765.3824999999999,4272.941960484512,10105.090430108077,new_ml,0.0
2025-10-30,MRNA,BUY,28.139999389648438,35,985.392428627014,3287.5495318574976,10105.090430108077,new_ml,0.0
2025-10-30,BAX,BUY,19.14986801147461,52,996.291033164978,2291.2584986925194,10105.090430108077,new_ml,0.0
2025-10-30,WBD,BUY,21.6200008392334,46,995.0172986240386,1296.2412000684808,10105.090430108077,new_ml,0.0
2025-10-31,TER,SELL,181.62274169921875,5,907.6596516418457,2203.9008517103266,10176.474297144898,new_ml,23.92742813110351
2025-10-31,CPAY,SELL,260.3500061035156,3,780.6594933013916,2984.5603450117183,10176.474297144898,new_ml,15.659493301391649
2025-10-31,BAX,SELL,18.46023178100586,52,959.4520865859986,3944.012431597717,10176.474297144898,new_ml,-36.3410500106811
2025-10-31,WBD,SELL,22.450000762939453,46,1032.1836850776674,4976.1961166753845,10176.474297144898,new_ml,37.66364647293108
2025-10-31,IT,BUY,248.33999633789062,4,993.8566653442382,3982.3394513311464,10176.474297144898,new_ml,0.0
2025-10-31,PSKY,BUY,15.390000343322754,66,1016.2478926706314,2966.091558660515,10176.474297144898,new_ml,0.0
2025-10-31,DOW,BUY,23.500877380371094,43,1011.0429962196349,1955.0485624408802,10176.474297144898,new_ml,0.0
2025-10-31,KVUE,BUY,14.191234588623047,71,1008.0814446201324,946.9671178207478,10176.474297144898,new_ml,0.0
2025-11-03,IT,SELL,245.9199981689453,4,983.1881526794434,1930.1552705001914,10141.945559059151,new_ml,-10.17183267211908
2025-11-03,DOW,SELL,22.88995361328125,43,983.7758713684083,2913.9311418685998,10141.945559059151,new_ml,-26.761855987548756
2025-11-03,PLTR,BUY,207.17999267578125,4,829.1343306884766,2084.7968111801233,10141.945559059151,new_ml,0.0
2025-11-03,ERIE,BUY,285.3500061035156,3,856.4780433197021,1228.3187678604213,10141.945559059151,new_ml,0.0
2025-11-04,DECK,SELL,79.54000091552734,10,795.0023091506959,2023.3210770111173,9879.805113151559,new_ml,-230.3977000045776
2025-11-04,KVUE,SELL,15.771329879760742,71,1119.2045392522812,3142.5256162633987,9879.805113151559,new_ml,111.62688346004484
2025-11-04,PLTR,SELL,190.74000549316406,4,762.57854196167,3905.1041582250687,9879.805113151559,new_ml,-66.141428741455
2025-11-04,ERIE,SELL,289.4200134277344,3,867.8259102630616,4772.93006848813,9879.805113151559,new_ml,11.775891952514712
2025-11-04,COIN,BUY,307.32000732421875,3,922.4210019836426,3850.5090665044872,9879.805113151559,new_ml,0.0
2025-11-04,ALB,BUY,88.44999694824219,11,973.4364414138794,2877.0726250906077,9879.805113151559,new_ml,0.0
2025-11-04,DOW,BUY,22.259323120117188,44,979.8999223937988,1897.172702696809,9879.805113151559,new_ml,0.0
2025-11-04,BAX,BUY,17.930513381958008,55,986.6713251256942,910.5013775711147,9879.805113151559,new_ml,0.0
2025-11-05,COIN,SELL,319.29998779296875,3,957.4210133972168,1867.9223909683315,9966.095505226143,new_ml,35.460991424560575
2025-11-05,ALB,SELL,91.95999908447266,11,1011.0542099342347,2878.976600902566,9966.095505226143,new_ml,38.104243503570615
2025-11-05,DOW,SELL,22.436687469482422,44,986.720641532898,3865.697242435464,9966.095505226143,new_ml,7.310424247741707
2025-11-05,BAX,SELL,17.940507888793945,55,986.2345699167253,4851.931812352189,9966.095505226143,new_ml,0.056333909034833596
2025-11-05,SMCI,BUY,42.029998779296875,23,967.17331690979,3884.758495442399,9966.095505226143,new_ml,0.0
2025-11-05,DECK,BUY,81.80999755859375,12,982.2108306884766,2902.5476647539226,9966.095505226143,new_ml,0.0
2025-11-05,CMG,BUY,31.969999313354492,31,991.5655137033461,1910.9821510505765,9966.095505226143,new_ml,0.0
2025-11-06,SMCI,SELL,40.34000015258789,23,927.3560935077668,2838.3382445583434,9775.721727390299,new_ml,-39.33387841606134
2025-11-06,CMG,SELL,30.559999465942383,31,946.8863034524918,3785.224548010835,9775.721727390299,new_ml,-44.183675261497456
2025-11-06,COIN,BUY,295.2200012207031,3,886.1028336639404,2899.121714346895,9775.721727390299,new_ml,0.0
2025-11-06,PLTR,BUY,175.0500030517578,5,875.6876402664184,2023.4340740804764,9775.721727390299,new_ml,0.0
2025-11-06,BAX,BUY,17.970491409301758,54,970.891739370346,1052.5423347101305,9775.721727390299,new_ml,0.0
2025-11-07,LYB,SELL,41.816951751708984,22,919.5129520683289,1972.0552867784595,9862.417483483325,new_ml,-61.192705890655475
2025-11-07,TTD,SELL,43.0,20,859.57,2831.6252867784597,9862.417483483325,new_ml,-119.83002441406245
2025-11-07,PLTR,SELL,177.92999267578125,5,889.2051383972168,3720.8304251756763,9862.417483483325,new_ml,13.95512313842778
2025-11-07,CMG,BUY,30.59000015258789,32,979.3694448852539,2741.4609802904224,9862.417483483325,new_ml,0.0
2025-11-07,ARE,BUY,55.61000061035156,17,945.8426953811645,1795.618284909258,9862.417483483325,new_ml,0.0
2025-11-07,TER,BUY,182.14234924316406,5,911.1671020889281,884.4511828203298,9862.417483483325,new_ml,0.0
2025-11-10,APP,SELL,651.3200073242188,1,650.9943473205567,1535.4455301408866,9888.335759617816,new_ml,19.79433511352545
2025-11-10,PSKY,SELL,15.25,66,1005.99675,2541.4422801408864,9888.335759617816,new_ml,-9.743272659301738
2025-11-10,COIN,SELL,317.92999267578125,3,953.3130830383301,3494.7553631792166,9888.335759617816,new_ml,67.65307937622072
2025-11-10,ARE,SELL,54.2599983215332,17,921.9587614803314,4416.714124659548,9888.335759617816,new_ml,-23.411248895645144
2025-11-10,TER,SELL,183.9409942626953,5,919.2451188278199,5335.959243487368,9888.335759617816,new_ml,8.533372611999539
2025-11-10,ORCL,BUY,240.8300018310547,4,963.8016673278808,4372.157576159488,9888.335759617816,new_ml,0.0
2025-11-10,CHTR,BUY,210.4499969482422,4,842.2208877868652,3529.9366883726225,9888.335759617816,new_ml,0.0
2025-11-10,LYB,BUY,41.57394027709961,23,956.6787266864776,2573.257961686145,9888.335759617816,new_ml,0.0
2025-11-10,BLDR,BUY,107.05999755859375,9,964.0217480163574,1609.2362136697875,9888.335759617816,new_ml,0.0
2025-11-10,DXCM,BUY,54.84000015258789,18,987.6135627479553,621.6226509218322,9888.335759617816,new_ml,0.0
2025-11-11,ORCL,SELL,236.14999389648438,4,944.1276755981446,1565.7503265199769,10058.526329815875,new_ml,-19.192331726074144
2025-11-11,BLDR,SELL,106.91000366210938,9,961.7089379425049,2527.4592644624818,10058.526329815875,new_ml,-1.8310400848388326
2025-11-11,DXCM,SELL,58.130001068115234,18,1045.8168492164612,3573.276113678943,10058.526329815875,new_ml,58.69684646987912
2025-11-11,TTD,BUY,44.20000076293945,22,972.8862167930603,2600.389896885883,10058.526329815875,new_ml,0.0
2025-11-11,PLTR,BUY,190.9600067138672,5,955.2774335861205,1645.1124632997626,10058.526329815875,new_ml,0.0
2025-11-11,STZ,BUY,131.80999755859375,7,923.1313179016113,721.9811453981513,10058.526329815875,new_ml,0.0
2025-11-12,CHTR,SELL,213.07000732421875,4,851.8538892822266,1573.835034680378,10110.866376416217,new_ml,10.053901489257896
2025-11-12,STZ,SELL,130.3800048828125,7,912.2037041625977,2486.0387388429754,10110.866376416217,new_ml,-10.46627874755859
2025-11-12,UNH,BUY,336.7955627441406,3,1010.891881576538,1475.1468572664373,10110.866376416217,new_ml,0.0
2025-11-12,BLDR,BUY,106.41999816894531,9,958.258873512268,516.8879837541693,10110.866376416217,new_ml,0.0
2025-11-13,MRNA,SELL,24.959999084472656,35,873.1631679725648,1390.0511517267341,9979.05713887502,new_ml,-111.73681066513052
2025-11-13,LYB,SELL,44.247039794921875,23,1017.1730743255616,2407.2242260522958,9979.05713887502,new_ml,60.97244795227061
2025-11-13,INTC,BUY,35.90999984741211,27,970.0547808780669,1437.1694451742287,9979.05713887502,new_ml,0.0
2025-11-13,APP,BUY,556.1500244140625,1,556.4280994262695,880.7413457479593,9979.05713887502,new_ml,0.0
2025-11-14,TTD,SELL,41.93000030517578,22,921.9987767105104,1802.7401224584696,9899.486779555333,new_ml,-50.40124007415761
2025-11-14,UNH,SELL,319.7104187011719,3,958.651690475464,2761.3918129339336,9899.486779555333,new_ml,-51.73499775695791
2025-11-14,SW,BUY,34.290000915527344,28,960.600085647583,1800.7917272863506,9899.486779555333,new_ml,0.0
2025-11-14,DXCM,BUY,58.060001373291016,17,987.5135333576202,813.2781939287304,9899.486779555333,new_ml,0.0
2025-11-17,CMG,SELL,30.530000686645508,32,976.47154196167,1789.7497358904004,9707.205478169453,new_ml,-2.4084629211424726
2025-11-17,PLTR,SELL,171.25,5,855.8218750000001,2645.5716108904007,9707.205478169453,new_ml,-98.97815856933585
2025-11-17,SW,SELL,33.91999816894531,28,949.2850687561036,3594.8566796465043,9707.205478169453,new_ml,-10.83495687866207
2025-11-17,TTD,BUY,40.209999084472656,24,965.5224980163574,2629.3341816301468,9707.205478169453,new_ml,0.0
2025-11-17,LYB,BUY,42.34185028076172,22,931.9864665298461,1697.3477151003008,9707.205478169453,new_ml,0.0
2025-11-17,ODFL,BUY,129.63290405273438,7,907.8840435333251,789.4636715669757,9707.205478169453,new_ml,0.0
2025-11-18,BLDR,SELL,98.5999984741211,9,886.9562862739564,1676.419957840932,9770.048087002766,new_ml,-70.82369724655143
2025-11-18,DXCM,SELL,60.16999816894531,17,1022.3785238876343,2698.7984817285665,9770.048087002766,new_ml,35.35850054168702
2025-11-18,LYB,SELL,42.51681900024414,22,934.9023329963685,3633.700814724935,9770.048087002766,new_ml,3.3816268196106876
2025-11-18,ODFL,SELL,130.40138244628906,7,912.3532722854615,4546.054087010396,9770.048087002766,new_ml,4.922943916320833
2025-11-18,CMG,BUY,30.760000228881836,31,954.0367870988845,3592.0172999115116,9770.048087002766,new_ml,0.0
2025-11-18,LRCX,BUY,143.00457763671875,6,858.4564795532226,2733.5608203582888,9770.048087002766,new_ml,0.0
2025-11-18,HOOD,BUY,114.30000305175781,8,914.8572244262695,1818.7035959320192,9770.048087002766,new_ml,0.0
2025-11-18,STX,BUY,253.86000061035156,3,761.9607918319701,1056.742804100049,9770.048087002766,new_ml,0.0
2025-11-19,LRCX,SELL,148.55543518066406,6,890.8869447784424,1947.6297488784912,9823.113859703077,new_ml,32.8594789581299
2025-11-19,HOOD,SELL,118.16000366210938,8,944.8073892822266,2892.437138160718,9823.113859703077,new_ml,30.40736486816411
2025-11-19,LULU,BUY,166.05999755859375,5,830.7151377868652,2061.722000373853,9823.113859703077,new_ml,0.0
2025-11-19,LYB,BUY,41.5642204284668,23,956.4550583896637,1105.2669419841893,9823.113859703077,new_ml,0.0
2025-11-20,DECK,SELL,81.4800033569336,12,977.2711602630616,2082.538102247251,9625.153452833189,new_ml,-4.448810440063426
2025-11-20,APP,SELL,520.8200073242188,1,520.5595973205567,2603.097699567808,9625.153452833189,new_ml,-35.59042709350581
2025-11-20,TTD,SELL,38.349998474121094,24,919.9397633972169,3523.037462965025,9625.153452833189,new_ml,-45.10021463012686
2025-11-20,CMG,SELL,30.350000381469727,31,940.3795868196488,4463.4170497846735,9625.153452833189,new_ml,-13.180420275688107
2025-11-20,LULU,SELL,164.69000244140625,5,823.0382872009278,5286.455336985601,9625.153452833189,new_ml,-7.261700592040938
2025-11-20,HOOD,BUY,106.20999908447266,9,956.367936756134,4330.087400229468,9625.153452833189,new_ml,0.0
2025-11-20,MU,BUY,201.3699951171875,4,805.8827204589843,3524.2046797704834,9625.153452833189,new_ml,0.0
2025-11-20,CHTR,BUY,194.7100067138672,4,779.2294468688964,2744.975232901587,9625.153452833189,new_ml,0.0
2025-11-20,PLTR,BUY,155.7449951171875,6,934.9372056884765,1810.0380272131104,9625.153452833189,new_ml,0.0
2025-11-20,MRNA,BUY,22.360000610351562,43,961.9607662582397,848.0772609548707,9625.153452833189,new_ml,0.0
2025-11-21,INTC,SELL,34.5,27,931.03425,1779.1115109548707,9865.854038222327,new_ml,-38.53574588012691
2025-11-21,CHTR,SELL,203.0,4,811.594,2590.705510954871,9865.854038222327,new_ml,32.7539731445313
2025-11-21,MRNA,SELL,23.719999313354492,43,1019.4499904890062,3610.1555014438773,9865.854038222327,new_ml,57.96996424388897
2025-11-21,WDC,BUY,139.0781707763672,7,974.0339690322876,2636.1215324115897,9865.854038222327,new_ml,0.0
2025-11-21,CMG,BUY,31.6299991607666,31,981.0202389707565,1655.1012934408332,9865.854038222327,new_ml,0.0
2025-11-21,APP,BUY,520.260009765625,1,520.5201397705077,1134.5811536703254,9865.854038222327,new_ml,0.0
2025-11-24,MU,SELL,223.92999267578125,4,895.2721107177734,2029.853264388099,10188.375230589882,new_ml,89.79213024902344
2025-11-24,PLTR,SELL,162.25,6,973.0132500000001,3002.866514388099,10188.375230589882,new_ml,38.543279296875085
2025-11-24,WDC,SELL,150.80873107910156,7,1055.1332869949342,4057.999801383033,10188.375230589882,new_ml,81.58609156036391
2025-11-24,APP,SELL,559.7999877929688,1,559.5200877990723,4617.5198891821055,10188.375230589882,new_ml,39.26007803344726
2025-11-24,LULU,BUY,169.6699981689453,6,1018.5289990081786,3598.990890173927,10188.375230589882,new_ml,0.0
2025-11-24,TTD,BUY,39.060001373291016,26,1016.0678157234191,2582.9230744505076,10188.375230589882,new_ml,0.0
2025-11-24,CHTR,BUY,199.0800018310547,5,995.897709159851,1587.0253652906565,10188.375230589882,new_ml,0.0
2025-11-24,BLDR,BUY,100.52999877929688,10,1005.8026377868651,581.2227275037914,10188.375230589882,new_ml,0.0
2025-11-25,LYB,SELL,45.695369720458984,23,1050.4680068187715,1631.690734322563,10508.297823634162,new_ml,94.4909369640352
2025-11-25,TTD,SELL,39.09000015258789,26,1015.8318339653016,2647.5225682878645,10508.297823634162,new_ml,0.271798259735192
2025-11-25,CHTR,SELL,200.75999450683594,5,1003.2980725479126,3650.8206408357773,10508.297823634162,new_ml,7.898063392639187
2025-11-25,BLDR,SELL,108.97000122070312,10,1089.1551622009279,4739.975803036705,10508.297823634162,new_ml,83.85517440795911
2025-11-25,MU,BUY,224.52999877929688,4,898.569055114746,3841.406747921959,10508.297823634162,new_ml,0.0
2025-11-25,LRCX,BUY,151.68028259277344,6,910.5367364044189,2930.8700115175398,10508.297823634162,new_ml,0.0
2025-11-25,INTC,BUY,35.83000183105469,29,1039.5895881271363,1891.2804233904035,10508.297823634162,new_ml,0.0
2025-11-25,STZ,BUY,132.17999267578125,7,925.722578704834,965.5578446855695,10508.297823634162,new_ml,0.0
2025-11-26,FDS,SELL,276.30999755859375,3,828.5155276794434,1794.0733723650128,10794.367834614768,new_ml,-39.020696685790995
2025-11-26,HOOD,SELL,128.1999969482422,9,1153.2230725479126,2947.2964449129254,10794.367834614768,new_ml,197.33308078765867
2025-11-26,STZ,SELL,134.88999938964844,7,943.7578807296753,3891.054325642601,10794.367834614768,new_ml,18.49793199920657
2025-11-26,TTD,BUY,39.11000061035156,27,1056.498001487732,2834.556324154869,10794.367834614768,new_ml,0.0
2025-11-26,ARE,BUY,53.56999969482422,20,1071.9356938934325,1762.6206302614364,10794.367834614768,new_ml,0.0
2025-11-26,PAYC,BUY,160.82000732421875,6,965.4025039672852,797.2181262941513,10794.367834614768,new_ml,0.0
2025-11-28,MU,SELL,236.47999572753906,4,945.4470229187012,1742.6651492128526,10979.609651562707,new_ml,47.32702780151374
2025-11-28,LRCX,SELL,155.74359130859375,6,933.9943170776368,2676.6594662904895,10979.609651562707,new_ml,23.91262152099614
2025-11-28,INTC,SELL,40.560001373291016,29,1175.6519198055269,3852.3113860960166,10979.609651562707,new_ml,136.58186670494092
2025-11-28,PAYC,SELL,161.1699981689453,6,966.5364790191651,4818.847865115182,10979.609651562707,new_ml,1.6164350738525854
2025-11-28,FISV,BUY,61.470001220703125,17,1045.512515762329,3773.335349352853,10979.609651562707,new_ml,0.0
2025-11-28,DECK,BUY,88.02999877929688,12,1056.8881653442381,2716.447184008615,10979.609651562707,new_ml,0.0
2025-11-28,ALB,BUY,129.99000549316406,8,1040.440003967285,1676.0071800413298,10979.609651562707,new_ml,0.0
2025-11-28,CPRT,BUY,38.97999954223633,28,1091.9857071762085,584.0214728651213,10979.609651562707,new_ml,0.0
2025-12-01,LULU,SELL,182.41000366210938,6,1093.9127919616699,1677.9342648267911,11004.011573725717,new_ml,75.892802947998
2025-12-01,ALB,SELL,128.3300018310547,8,1026.1266946411133,2704.0609594679045,11004.011573725717,new_ml,-13.793349304199182
2025-12-01,CPRT,SELL,39.150001525878906,28,1095.6519427032472,3799.7129021711517,11004.011573725717,new_ml,4.211955520629999
2025-12-01,LRCX,BUY,154.53558349609375,7,1082.2899590148925,2717.422943156259,11004.011573725717,new_ml,0.0
2025-12-01,CHTR,BUY,196.94000244140625,5,985.1923622131347,1732.230580943124,11004.011573725717,new_ml,0.0
2025-12-01,FDS,BUY,277.1300048828125,3,831.8057096557617,900.4248712873624,11004.011573725717,new_ml,0.0
2025-12-02,DECK,SELL,91.7699966430664,12,1100.6893397369386,2001.1142110243009,11037.254949412363,new_ml,44.329354385376064
2025-12-02,LRCX,SELL,157.9300079345703,7,1104.9573005142213,3106.071511538522,11037.254949412363,new_ml,23.208216041565038
2025-12-02,HOOD,BUY,125.94999694824219,8,1008.1037755737304,2097.9677359647912,11037.254949412363,new_ml,0.0
2025-12-02,WDC,BUY,159.86146545410156,6,959.6483771209716,1138.3193588438196,11037.254949412363,new_ml,0.0
2025-12-03,BAX,SELL,18.889999389648438,54,1019.5499370574952,2157.8692959013147,10974.399292010323,new_ml,49.14340095520026
2025-12-03,STX,SELL,258.6700134277344,3,775.6220352630615,2933.4913311643763,10974.399292010323,new_ml,14.04203343200686
2025-12-03,CHTR,SELL,199.9600067138672,5,999.3001335525513,3932.7914647169277,10974.399292010323,new_ml,14.600121345520051
2025-12-03,FDS,SELL,279.1499938964844,3,837.0312566986084,4769.822721415536,10974.399292010323,new_ml,5.641242050170945
2025-12-03,LRCX,BUY,159.75,6,958.97925,3810.843471415536,10974.399292010323,new_ml,0.0
2025-12-03,DECK,BUY,94.97000122070312,11,1045.1923484344481,2765.6511229810876,10974.399292010323,new_ml,0.0
2025-12-03,MU,BUY,234.16000366210938,4,937.1083346557617,1828.542788325326,10974.399292010323,new_ml,0.0
2025-12-03,UNH,BUY,337.44122314453125,3,1012.8298312683105,815.7129570570155,10974.399292010323,new_ml,0.0
2025-12-04,CMG,SELL,34.150001525878906,31,1058.120722278595,1873.8336793356104,10955.95116201307,new_ml,77.59074829483029
2025-12-04,WDC,SELL,161.0,6,965.517,2839.3506793356105,10955.95116201307,new_ml,6.348207275390678
2025-12-04,LRCX,SELL,157.08999633789062,6,942.0687080383301,3781.4193873739405,10955.95116201307,new_ml,-16.4312919616699
2025-12-04,UNH,SELL,331.26275634765625,3,993.2913749084473,4774.710762282388,10955.95116201307,new_ml,-19.032294525146426
2025-12-04,AMD,BUY,215.97999572753906,5,1080.439928627014,3694.2708336553737,10955.95116201307,new_ml,0.0
2025-12-04,LYB,BUY,43.15999984741211,25,1079.5394961833954,2614.7313374719783,10955.95116201307,new_ml,0.0
2025-12-04,BAX,BUY,18.479999542236328,59,1090.8651329784393,1523.866204493539,10955.95116201307,new_ml,0.0
2025-12-04,CHTR,BUY,199.97999572753906,5,1000.3999286270141,523.4662758665249,10955.95116201307,new_ml,0.0
2025-12-05,LYB,SELL,43.349998474121094,25,1083.208086872101,1606.6743627386259,11035.316224749582,new_ml,4.208090686798187
2025-12-05,FDS,BUY,290.6300048828125,3,872.3259596557617,734.3484030828641,11035.316224749582,new_ml,0.0
2025-12-08,HOOD,SELL,136.42999267578125,8,1090.894221435547,1825.242624518411,11066.948374854104,new_ml,83.29424584960952
2025-12-08,DECK,SELL,101.20999908447266,11,1112.7533349342348,2937.995959452646,11066.948374854104,new_ml,68.0833215065004
2025-12-08,FDS,SELL,286.8900146484375,3,860.2397089233399,3798.235668375986,11066.948374854104,new_ml,-11.65030572509761
2025-12-08,AMCR,BUY,8.25,134,1106.0527499999998,2692.182918375986,11066.948374854104,new_ml,0.0
2025-12-08,CVNA,BUY,447.9800109863281,2,896.4080019836425,1795.7749163923436,11066.948374854104,new_ml,0.0
2025-12-08,LRCX,BUY,162.74000549316406,6,976.9282529754638,818.8466634168798,11066.948374854104,new_ml,0.0
2025-12-09,AMD,SELL,221.6199951171875,5,1107.5459255981445,1926.3925890150244,11123.146603526133,new_ml,27.645946960449237
2025-12-09,AMCR,SELL,8.109999656677246,134,1086.1965840177536,3012.589173032778,11123.146603526133,new_ml,-19.303415982246406
2025-12-09,CVNA,SELL,456.3299865722656,2,912.203643157959,3924.792816190737,11123.146603526133,new_ml,16.2436211853028
2025-12-09,LRCX,SELL,165.80999755859375,6,994.3625553588868,4919.155371549624,11123.146603526133,new_ml,17.92252239990239
2025-12-09,ORCL,BUY,221.52999877929688,5,1108.2038188934325,3810.9515526561913,11123.146603526133,new_ml,0.0
2025-12-09,MOS,BUY,23.809999465942383,46,1095.8076054210662,2715.143947235125,11123.146603526133,new_ml,0.0
2025-12-09,ZTS,BUY,115.75,9,1042.270875,1672.873072235125,11123.146603526133,new_ml,0.0
2025-12-09,ALB,BUY,129.2899932861328,8,1034.837106262207,638.0359659729179,11123.146603526133,new_ml,0.0
2025-12-10,TTD,SELL,39.220001220703125,27,1058.4105629425048,1696.4465289154227,11292.555987411517,new_ml,2.4405464630126517
2025-12-10,CHTR,SELL,213.2899932861328,5,1065.9167414474489,2762.363270362872,11292.555987411517,new_ml,66.01676280975357
2025-12-10,ZTS,SELL,118.06999969482422,9,1062.0986822547914,3824.461952617663,11292.555987411517,new_ml,20.348682254791356
2025-12-10,TER,BUY,204.00999450683594,5,1020.5599975204467,2803.901955097216,11292.555987411517,new_ml,0.0
2025-12-10,STX,BUY,298.9200134277344,3,897.2084203033447,1906.6935347938715,11292.555987411517,new_ml,0.0
2025-12-10,AXON,BUY,568.3900146484375,1,568.6742096557617,1338.0193251381097,11292.555987411517,new_ml,0.0
2025-12-11,BAX,SELL,18.625,59,1098.3255625000002,2436.34488763811,11273.406993747729,new_ml,8.0055895080568
2025-12-11,MOS,SELL,25.190000534057617,46,1158.160654554367,3594.505542192477,11273.406993747729,new_ml,62.90067912101745
2025-12-11,STX,SELL,307.4200134277344,3,921.7989102630615,4516.304452455539,11273.406993747729,new_ml,25.03886997985842
2025-12-11,AXON,SELL,580.8035278320312,1,580.5131260681153,5096.817578523654,11273.406993747729,new_ml,12.123111419677798
2025-12-11,HOOD,BUY,123.37999725341797,9,1110.9751852684021,3985.8423932552523,11273.406993747729,new_ml,0.0
2025-12-11,CHTR,BUY,212.05999755859375,5,1060.8301377868652,2925.012255468387,11273.406993747729,new_ml,0.0
2025-12-11,ZTS,BUY,117.86499786376953,9,1061.3153732643127,1863.6968822040744,11273.406993747729,new_ml,0.0
2025-12-11,PLTR,BUY,187.5399932861328,6,1125.8025796966551,737.8943025074193,11273.406993747729,new_ml,0.0
2025-12-12,TER,SELL,193.3699951171875,5,966.3665505981446,1704.260853105564,11060.484420915622,new_ml,-53.683421936035074
2025-12-12,CHTR,SELL,206.60000610351562,5,1032.4835305023194,2736.7443836078833,11060.484420915622,new_ml,-27.816457290649396
2025-12-12,ZTS,SELL,118.66000366210938,9,1067.4060629425048,3804.150446550388,11060.484420915622,new_ml,6.621082168579051
2025-12-12,PLTR,SELL,183.57000732421875,6,1100.8693339233398,4905.019780473728,11060.484420915622,new_ml,-24.370625793457066
2025-12-12,NOW,BUY,173.01199340820312,6,1038.5909964294433,3866.428784044285,11060.484420915622,new_ml,0.0
2025-12-12,CAH,BUY,198.17999267578125,5,991.3954133605956,2875.033370683689,11060.484420915622,new_ml,0.0
2025-12-12,GDDY,BUY,124.80000305175781,8,998.8992244262695,1876.1341462574196,11060.484420915622,new_ml,0.0
2025-12-12,COIN,BUY,267.4599914550781,4,1070.3748858032227,805.7592604541969,11060.484420915622,new_ml,0.0
2025-12-15,NOW,SELL,153.0399932861328,6,917.7808397369386,1723.5401001911355,10806.349264421482,new_ml,-120.29112071228019
2025-12-15,GDDY,SELL,123.80999755859375,8,989.9847404785157,2713.524840669651,10806.349264421482,new_ml,-8.415283935546768
2025-12-15,CHTR,BUY,209.52000427246094,5,1048.1238213729857,1665.4010192966653,10806.349264421482,new_ml,0.0
2025-12-15,TER,BUY,194.6999969482422,5,973.9867347335814,691.4142845630838,10806.349264421482,new_ml,0.0
2025-12-16,ALB,SELL,131.07000732421875,8,1048.0357785644533,1739.450063127537,10795.954209184665,new_ml,13.715832275390767
2025-12-16,CHTR,SELL,211.2899932861328,5,1055.9217414474488,2795.3718045749856,10795.954209184665,new_ml,8.32172008514408
2025-12-16,TER,SELL,192.2899932861328,5,960.9692414474488,3756.3410460224345,10795.954209184665,new_ml,-12.530743293762157
2025-12-16,MOS,BUY,23.459999084472656,46,1079.699537864685,2676.6415081577497,10795.954209184665,new_ml,0.0
2025-12-16,AXON,BUY,555.0599975585938,1,555.337527557373,2121.3039806003767,10795.954209184665,new_ml,0.0
2025-12-16,CLX,BUY,99.81999969482422,10,998.6990969467163,1122.6048836536604,10795.954209184665,new_ml,0.0
2025-12-17,MU,SELL,225.52000427246094,4,901.6289770812989,2024.2338607349593,10711.535040361425,new_ml,-35.0110375671386
2025-12-17,AXON,SELL,550.0,1,549.725,2573.958860734959,10711.535040361425,new_ml,-5.334997558593727
2025-12-17,CLX,SELL,101.5199966430664,10,1014.6923664474488,3588.651227182408,10711.535040361425,new_ml,16.492369499206575
2025-12-17,CHTR,BUY,209.66000366210938,5,1048.824168319702,2539.827058862706,10711.535040361425,new_ml,0.0
2025-12-17,ALB,BUY,134.7100067138672,7,943.4415320205688,1596.385526842137,10711.535040361425,new_ml,0.0
2025-12-17,TER,BUY,185.2100067138672,5,926.5130585861206,669.8724682560165,10711.535040361425,new_ml,0.0
2025-12-18,CAH,SELL,199.10000610351562,5,995.0022805023194,1664.874748758336,10782.032441400548,new_ml,4.102317123413172
2025-12-18,COIN,SELL,239.1999969482422,4,956.3215877990723,2621.1963365574084,10782.032441400548,new_ml,-113.51837802124021
2025-12-18,CHTR,SELL,206.5,5,1031.98375,3653.1800865574087,10782.032441400548,new_ml,-16.316268310546775
2025-12-18,TER,SELL,190.4499969482422,5,951.7738597488404,4604.953946306249,10782.032441400548,new_ml,25.7238261795045
2025-12-18,FIS,BUY,65.9000015258789,16,1054.9272244262695,3550.02672187998,10782.032441400548,new_ml,0.0
2025-12-18,AMD,BUY,201.05999755859375,5,1005.8026377868651,2544.224084093115,10782.032441400548,new_ml,0.0
2025-12-18,MU,BUY,248.5500030517578,4,994.6971122131347,1549.5269718799802,10782.032441400548,new_ml,0.0
2025-12-18,PSKY,BUY,13.010000228881836,82,1067.3534287776947,482.1735431022855,10782.032441400548,new_ml,0.0
2025-12-19,FIS,SELL,66.05000305175781,16,1056.271648803711,1538.4451919059966,11021.643630153678,new_ml,1.8716243896485594
2025-12-19,AMD,SELL,213.42999267578125,5,1066.616388397217,2605.0615803032133,11021.643630153678,new_ml,61.3164006042482
2025-12-19,PSKY,SELL,13.050000190734863,82,1069.5649656324388,3674.626545935652,11021.643630153678,new_ml,2.7449468641282238
2025-12-19,COIN,BUY,245.1199951171875,4,980.9702204589843,2693.6563254766675,11021.643630153678,new_ml,0.0
2025-12-19,PAYC,BUY,162.72000122070312,6,976.8081673278808,1716.8481581487868,11021.643630153678,new_ml,0.0
2025-12-19,MRNA,BUY,33.79999923706055,32,1082.1407755737305,634.7073825750563,11021.643630153678,new_ml,0.0
2025-12-22,COIN,SELL,247.89999389648438,4,991.1041755981446,1625.8115581732009,11193.323120490095,new_ml,10.624195129394593
2025-12-22,PAYC,SELL,165.4199981689453,6,992.0237290191651,2617.835287192366,11193.323120490095,new_ml,15.703721694946353
2025-12-22,MRNA,SELL,34.900001525878906,32,1116.241648803711,3734.0769359960773,11193.323120490095,new_ml,34.64167321777359
2025-12-22,AMCR,BUY,41.599998474121094,26,1082.140760307312,2651.9361756887656,11193.323120490095,new_ml,0.0
2025-12-22,TTD,BUY,37.290000915527344,30,1119.2593774795532,1532.6767982092124,11193.323120490095,new_ml,0.0
2025-12-22,TPL,BUY,302.79998779296875,3,908.8541633605956,623.8226348486168,11193.323120490095,new_ml,0.0
2025-12-23,TTD,SELL,37.439998626708984,30,1122.638358821869,1746.4609936704855,11117.918719443343,new_ml,3.938331356048593
2025-12-23,CLX,BUY,96.3626480102539,11,1060.5191226768493,685.9418709936363,11117.918719443343,new_ml,0.0
2025-12-24,CLX,SELL,97.13410186767578,11,1067.9408829841614,1753.8827539777976,11202.047122305892,new_ml,7.951754871368394
2025-12-24,TER,BUY,198.52999877929688,5,993.1463188934325,760.7364350843651,11202.047122305892,new_ml,0.0
2025-12-26,TER,SELL,198.89999389648438,5,994.0027194976807,1754.7391545820458,11162.349704890274,new_ml,1.3527256011963118
2025-12-26,TTD,BUY,38.310001373291016,29,1111.5455348453522,643.1936197366936,11162.349704890274,new_ml,0.0
2025-12-29,TPL,SELL,294.5299987792969,3,883.1482013397217,1526.3418210764153,11178.93533802893,new_ml,-25.25176203918454
2025-12-29,WBD,BUY,28.790000915527344,38,1094.567044807434,431.7747762689812,11178.93533802893,new_ml,0.0
2025-12-30,WBD,SELL,28.940000534057617,38,1099.1701602840424,1530.9449365530236,11148.845130730651,new_ml,5.150125494003305
2025-12-30,TPL,BUY,292.67999267578125,3,878.4789980163574,652.4659385366662,11148.845130730651,new_ml,0.0
2025-12-31,ORCL,SELL,194.39613342285156,5,971.4946767807007,1623.9606153173668,11049.59656902983,new_ml,-136.15531711578365
2025-12-31,SMCI,BUY,29.270000457763672,37,1083.5315119457243,540.4291033716424,11049.59656902983,new_ml,0.0
2026-01-02,ALB,SELL,143.92999267578125,7,1007.0061937561036,1547.435297127746,11317.309039589903,new_ml,64.03614675903327
2026-01-02,MU,SELL,315.4200134277344,4,1261.0492136840821,2808.484510811828,11317.309039589903,new_ml,266.8492014770509
2026-01-02,TPL,SELL,297.9700012207031,3,893.4630486602783,3701.947559472106,11317.309039589903,new_ml,15.423070632934582
2026-01-02,WBD,BUY,28.510000228881836,39,1112.4459539308548,2589.5016055412516,11317.309039589903,new_ml,0.0
2026-01-02,PAYC,BUY,152.39999389648438,7,1067.3333572540282,1522.1682482872234,11317.309039589903,new_ml,0.0
2026-01-02,ORCL,BUY,195.19403076171875,5,976.458138885498,545.7101094017254,11317.309039589903,new_ml,0.0
2026-01-05,MOS,SELL,24.8700008392334,46,1143.448028585434,1689.1581379871595,11448.181348491691,new_ml,64.28807069969184
2026-01-05,PAYC,SELL,153.0,7,1070.4645,2759.6226379871596,11448.181348491691,new_ml,3.6645427246094187
2026-01-05,ORCL,SELL,192.08224487304688,5,959.9310187530518,3719.5536567402114,11448.181348491691,new_ml,-16.03913505554192
2026-01-05,PSKY,BUY,12.979999542236328,88,1142.8110796966553,2576.742577043556,11448.181348491691,new_ml,0.0
2026-01-05,ALB,BUY,146.1300048828125,7,1023.4214891967773,1553.321087846779,11448.181348491691,new_ml,0.0
2026-01-05,TER,BUY,219.5,5,1098.04875,455.272337846779,11448.181348491691,new_ml,0.0
2026-01-06,SMCI,SELL,30.540000915527344,37,1129.4150438575746,1584.6873817043536,11625.212323122047,new_ml,46.425026920318714
2026-01-06,TER,SELL,228.83999633789062,5,1143.6278816986085,2728.315263402962,11625.212323122047,new_ml,46.12788169860846
2026-01-06,TPL,BUY,293.80999755859375,3,881.8707076721191,1846.444555730843,11625.212323122047,new_ml,0.0
2026-01-06,NRG,BUY,159.1332244873047,7,1114.4895376968384,731.9550180340045,11625.212323122047,new_ml,0.0
2026-01-07,TPL,SELL,281.3900146484375,3,843.7479589233399,1575.7029769573444,11427.061207761788,new_ml,-37.682033752441384
2026-01-07,NRG,SELL,148.4465789794922,7,1038.6064898300172,2614.3094667873615,11427.061207761788,new_ml,-75.32608158111566
2026-01-07,TER,BUY,222.47999572753906,5,1112.9561786270142,1501.3532881603473,11427.061207761788,new_ml,0.0
2026-01-07,SMCI,BUY,30.010000228881836,38,1140.9501987018584,360.4030894584889,11427.061207761788,new_ml,0.0
2026-01-08,ARE,SELL,53.27000045776367,20,1064.8673091506957,1425.2703986091847,11364.773015911125,new_ml,-6.532684745788629
2026-01-08,SMCI,SELL,29.899999618530273,38,1135.6318855113984,2560.9022841205833,11364.773015911125,new_ml,-4.748123186111343
2026-01-08,GDDY,BUY,115.5999984741211,9,1040.9201862602233,1519.98209786036,11364.773015911125,new_ml,0.0
2026-01-08,ORCL,BUY,189.14999389648438,6,1135.4674133605956,384.51468449976437,11364.773015911125,new_ml,0.0
2026-01-09,ALB,SELL,161.2899932861328,7,1128.4654380264283,1512.9801225261926,11431.604627431894,new_ml,105.55540384674077
2026-01-09,GDDY,SELL,113.54000091552734,9,1021.3490782356263,2534.329200761819,11431.604627431894,new_ml,-19.050908031463564
2026-01-09,ORCL,SELL,198.52000427246094,6,1190.5244656219484,3724.853666383767,11431.604627431894,new_ml,55.624502243042116
2026-01-09,SMCI,BUY,30.15999984741211,37,1116.477954351425,2608.375712032342,11431.604627431894,new_ml,0.0
2026-01-09,LRCX,BUY,218.36000061035156,5,1092.3459030532836,1516.0298089790585,11431.604627431894,new_ml,0.0
2026-01-09,PLTR,BUY,177.49000549316406,6,1065.4725029754638,450.5573060035947,11431.604627431894,new_ml,0.0
2026-01-12,TTD,SELL,36.900001525878906,29,1069.564994228363,1520.1223002319578,11448.537225437189,new_ml,-41.425045597076405
2026-01-12,PSKY,SELL,12.149999618530273,88,1068.6653664474488,2588.7876666794064,11448.537225437189,new_ml,-73.57459326934804
2026-01-12,STX,BUY,321.4800109863281,3,964.9222529754638,1623.8654137039425,11448.537225437189,new_ml,0.0
2026-01-12,ALB,BUY,169.3300018310547,6,1016.4880009918212,607.3774127121213,11448.537225437189,new_ml,0.0
2026-01-13,PLTR,SELL,178.9600067138672,6,1073.2231602630616,1680.6005729751828,11454.137554084802,new_ml,8.283127304077198
2026-01-13,GDDY,BUY,109.27999877929688,10,1093.346387786865,587.2541851883177,11454.137554084802,new_ml,0.0
2026-01-15,LRCX,SELL,217.47000122070312,5,1086.806331100464,1674.0605162887816,11366.464130867029,new_ml,-4.993671951293891
2026-01-15,PAYC,BUY,152.77999877929688,7,1069.9947214508056,604.065794837976,11366.464130867029,new_ml,0.0
2026-01-16,STX,SELL,326.2300109863281,3,978.2006879425049,1582.266482780481,11277.545708549524,new_ml,13.760654983520567
2026-01-16,GDDY,SELL,104.45999908447266,10,1044.0776908493042,2626.3441736297855,11277.545708549524,new_ml,-48.72229694366456
2026-01-16,PAYC,SELL,148.41000366210938,7,1038.3505906219482,3664.6947642517334,11277.545708549524,new_ml,-31.10940083312994
2026-01-16,LRCX,BUY,222.9600067138672,5,1115.3574335861206,2549.337330665613,11277.545708549524,new_ml,0.0
2026-01-16,TTD,BUY,35.47999954223633,31,1100.4299258022309,1448.9074048633822,11277.545708549524,new_ml,0.0
2026-01-16,ORCL,BUY,191.08999633789062,5,955.9277066802978,492.97969818308445,11277.545708549524,new_ml,0.0
2026-01-20,TTD,SELL,34.150001525878906,31,1058.120722278595,1551.1004204616793,11100.719583513284,new_ml,-41.75926353073123
2026-01-20,ORCL,SELL,179.9199981689453,5,899.1501908493043,2450.2506113109835,11100.719583513284,new_ml,-56.29979084014883
2026-01-20,GDDY,BUY,103.48999786376953,10,1035.417428627014,1414.8331826839694,11100.719583513284,new_ml,0.0
2026-01-20,STX,BUY,325.989990234375,3,978.4589556884765,436.3742269954929,11100.719583513284,new_ml,0.0
2026-01-21,TER,SELL,231.88999938964844,5,1158.870271949768,1595.244498945261,11370.83437294581,new_ml,46.47029331207273
2026-01-21,LRCX,SELL,228.38999938964844,5,1141.3790219497682,2736.6235208950293,11370.83437294581,new_ml,26.578988380432293
2026-01-21,NFLX,BUY,85.36000061035156,13,1110.2348479385375,1626.3886729564917,11370.83437294581,new_ml,0.0
2026-01-21,PLTR,BUY,165.3300018310547,6,992.4760009918213,633.9126719646705,11370.83437294581,new_ml,0.0
2026-01-22,WBD,SELL,28.360000610351562,39,1105.4870037918092,1739.3996757564796,11465.402810972239,new_ml,-6.403005134582372
2026-01-22,SMCI,SELL,32.45000076293945,37,1200.0497032146454,2939.449378971125,11465.402810972239,new_ml,84.12970886039739
2026-01-22,NFLX,SELL,83.54000091552734,13,1085.4770018959046,4024.9263808670294,11465.402810972239,new_ml,-24.203006038665762
2026-01-22,TTD,BUY,36.81999969482422,31,1141.9907005348205,2882.935680332209,11465.402810972239,new_ml,0.0
2026-01-22,MRNA,BUY,51.869998931884766,22,1141.7105464897156,1741.2251338424933,11465.402810972239,new_ml,0.0
2026-01-22,CHTR,BUY,192.6699981689453,5,963.8316658401488,777.3934680023444,11465.402810972239,new_ml,0.0
2026-01-23,PLTR,SELL,169.60000610351562,6,1017.0912366027833,1794.4847046051277,11433.183335403468,new_ml,25.111225616455158
2026-01-23,SMCI,BUY,31.700000762939453,36,1141.7706274795532,652.7140771255745,11433.183335403468,new_ml,0.0
2026-01-26,ALB,SELL,189.75,6,1137.93075,1790.6448271255745,11370.254081855799,new_ml,121.95073901367186
2026-01-26,SMCI,SELL,30.799999237060547,36,1108.2455725479126,2898.890399673487,11370.254081855799,new_ml,-32.9544549179077
2026-01-26,PLTR,BUY,167.47000122070312,6,1005.3224173278808,1893.5679823456062,11370.254081855799,new_ml,0.0
2026-01-26,TER,BUY,231.75,4,927.4635,966.1044823456062,11370.254081855799,new_ml,0.0
2026-01-27,MRNA,SELL,45.45000076293945,22,999.4000667762757,1965.504549121882,11219.39451759341,new_ml,-141.73990972518914
2026-01-27,CHTR,SELL,182.99000549316406,5,914.4925524520875,2879.9971015739693,11219.39451759341,new_ml,-48.8574383926391
2026-01-27,TER,SELL,238.94000244140625,4,955.2821297607422,3835.2792313347118,11219.39451759341,new_ml,28.282129760742237
2026-01-27,NEM,BUY,127.0,8,1016.5079999999999,2818.771231334712,11219.39451759341,new_ml,0.0
2026-01-27,COIN,BUY,210.8300018310547,5,1054.6770841598511,1764.0941471748608,11219.39451759341,new_ml,0.0
2026-01-27,FDS,BUY,268.6600036621094,4,1075.1773346557616,688.9168125190993,11219.39451759341,new_ml,0.0
2026-01-28,STX,SELL,442.92999267578125,3,1328.1255830383302,2017.0423955574295,11349.156644443538,new_ml,350.1556123352052
2026-01-28,COIN,SELL,209.42999267578125,5,1046.626388397217,3063.6687839546466,11349.156644443538,new_ml,-7.523620758056495
2026-01-28,FDS,SELL,269.8599853515625,4,1078.9002214355469,4142.5690053901935,11349.156644443538,new_ml,4.260206787109382
2026-01-28,TPL,BUY,354.7799987792969,3,1064.8721663360595,3077.696839054134,11349.156644443538,new_ml,0.0
2026-01-28,CHTR,BUY,182.80999755859375,6,1097.4084153442382,1980.288423709896,11349.156644443538,new_ml,0.0
2026-01-28,MRNA,BUY,45.29999923706055,25,1133.0662309169768,847.2221927929193,11349.156644443538,new_ml,0.0
2026-01-29,GDDY,SELL,99.23999786376953,10,991.9037786483765,1839.1259714412959,11245.832162885692,new_ml,-42.996199989318825
2026-01-29,TPL,SELL,353.2099914550781,3,1059.1001593780518,2898.2261308193474,11245.832162885692,new_ml,-5.23983695983884
2026-01-29,MRNA,SELL,46.86000061035156,25,1170.9142652511598,4069.1403960705074,11245.832162885692,new_ml,38.41428432464613
2026-01-29,COIN,BUY,199.17999267578125,5,996.3979133605957,3072.7424827099117,11245.832162885692,new_ml,0.0
2026-01-29,LULU,BUY,172.5399932861328,6,1035.7575796966553,2036.9849030132564,11245.832162885692,new_ml,0.0
2026-01-29,AMAT,BUY,341.3399963378906,3,1024.5319990081787,1012.4529040050777,11245.832162885692,new_ml,0.0
2026-01-30,NEM,SELL,112.3499984741211,8,898.3505877990723,1910.8034918041499,11084.6329100323,new_ml,-117.64941220092771
2026-01-30,CHTR,SELL,206.1199951171875,6,1236.1016107177736,3146.9051025219233,11084.6329100323,new_ml,139.2416253662111
2026-01-30,LULU,SELL,174.5,6,1046.4765,4193.381602521923,11084.6329100323,new_ml,11.236540283203112
2026-01-30,AMAT,SELL,322.32000732421875,3,966.47654196167,5159.858144483593,11084.6329100323,new_ml,-57.54344705200185
2026-01-30,TPL,BUY,348.3599853515625,3,1045.6024960327147,4114.255648450878,11084.6329100323,new_ml,0.0
2026-01-30,GDDY,BUY,100.5199966430664,11,1106.2728230552673,3007.9828253956102,11084.6329100323,new_ml,0.0
2026-01-30,DECK,BUY,119.33999633789062,9,1074.596997024536,1933.3858283710742,11084.6329100323,new_ml,0.0
2026-01-30,ALB,BUY,170.6300048828125,6,1024.2919193115233,909.0939090595509,11084.6329100323,new_ml,0.0
2026-02-02,FISV,SELL,62.939998626708984,17,1069.4449866657258,1978.5388957252767,10821.503863130596,new_ml,24.45496591377264
2026-02-02,TPL,SELL,336.67999267578125,3,1009.5349580383302,2988.073853763607,10821.503863130596,new_ml,-35.54499801635734
2026-02-02,DECK,SELL,116.25,9,1045.726875,4033.8007287636074,10821.503863130596,new_ml,-28.33309204101556
2026-02-02,STX,BUY,432.95001220703125,2,866.3329744262695,3167.4677543373377,10821.503863130596,new_ml,0.0
2026-02-02,TYL,BUY,362.8800048828125,2,726.1228897705078,2441.34486456683,10821.503863130596,new_ml,0.0
2026-02-02,PAYC,BUY,133.30999755859375,8,1067.0132204589843,1374.3316441078457,10821.503863130596,new_ml,0.0
2026-02-03,STX,SELL,444.45001220703125,2,888.4555744018555,2262.7872185097012,10619.741624881772,new_ml,22.55554998779303
2026-02-03,ORCL,BUY,154.6699981689453,6,928.4839990081787,1334.3032195015226,10619.741624881772,new_ml,0.0
