date,ticker,action,shares,price,execution_price,cost,pnl,holding_days
2017-01-04,AMD,BUY,523,11.449999809265137,11.461449809074402,5.988349900245666,0.0,0
2017-01-04,DIS,BUY,149,100.44610891684957,100.54655502576642,14.966470228610586,0.0,0
2017-01-04,JPM,BUY,218,68.68566062973267,68.7543462903624,14.97347401728172,0.0,0
2017-01-04,BA,BUY,102,146.31249269766045,146.4588051903581,14.923874255161365,0.0,0
2017-01-04,UNH,BUY,106,140.7198047585038,140.86052456326232,14.916299304401404,0.0,0
2017-01-04,COST,BUY,110,136.00689090553485,136.1428977964404,14.960757999608834,0.0,0
2017-01-04,CVX,BUY,186,80.63142389291941,80.71205531681234,14.997444844083011,0.0,0
2017-01-04,DIA,BUY,23,167.11482733245833,167.2819421597908,3.8436410286465414,0.0,0
2017-01-04,IWM,BUY,1,121.76589407144886,121.8876599655203,0.12176589407144886,0.0,0
2017-01-11,AMD,SELL,523,11.390000343322754,11.378610342979432,5.956970179557801,-49.28201094722738,7
2017-01-11,DIA,BUY,35,167.00558293466187,167.17258851759652,5.845195402713166,0.0,0
2017-01-11,MA,BUY,1,101.82061168669333,101.92243229838002,0.10182061168669333,0.0,0
2017-03-07,NVDA,BUY,2,2.4083621866599003,2.41077054884656,0.004816724373319801,0.0,0
2017-03-21,NVDA,SELL,2,2.681573609167124,2.678892035557957,0.005363147218334249,0.5308798262044594,14
2017-03-31,COST,SELL,110,143.02119172282192,142.8781705310991,15.732331089510412,725.1476697229474,86
2017-03-31,JNJ,BUY,159,97.38681679300852,97.48420360980153,15.484503870088355,0.0,0
2017-03-31,BA,BUY,1,166.46979640722344,166.63626620363067,0.16646979640722345,0.0,0
2017-03-31,BAC,BUY,2,19.498942985064264,19.518441928049327,0.03899788597012853,0.0,0
2017-04-10,AMD,BUY,1,13.520000457763672,13.533520458221435,0.013520000457763671,0.0,0
2017-04-13,CVX,SELL,186,74.6866477270309,74.61196107930387,13.891716477227748,-1148.5092446538035,99
2017-04-13,META,BUY,100,138.7645515229059,138.9033160744288,13.876455152290589,0.0,0
2017-04-17,UNH,SELL,106,143.54116985126052,143.39762868140926,15.215364004233617,253.71767251934227,103
2017-04-17,DIA,SELL,58,173.2786308182679,173.10535218744965,10.050160587459539,331.5349984935542,103
2017-04-17,TSLA,BUY,393,20.18000030517578,20.200180305480956,7.9307401199340815,0.0,0
2017-04-17,LLY,BUY,214,70.78795054723365,70.85873849778088,15.148621417108002,0.0,0
2017-04-17,META,BUY,15,138.90370997475367,139.04261368472842,2.0835556496213052,0.0,0
2017-04-17,BAC,BUY,2,18.296117028809448,18.31441314583826,0.0365922340576189,0.0,0
2017-04-20,IWM,SELL,1,122.37683869516061,122.25446185646545,0.12237683869516061,0.24442505224999408,106
2017-04-20,TSLA,BUY,6,20.43400001525879,20.45443401527405,0.12260400009155273,0.0,0
2017-05-08,BAC,SELL,4,19.433480218819707,19.414046738600888,0.07773392087527883,1.9127428857531006,38
2017-05-08,AMZN,BUY,1,47.04750061035156,47.09454811096192,0.04704750061035157,0.0,0
2017-05-08,AMD,BUY,3,10.220000267028809,10.230220267295838,0.030660000801086426,0.0,0
2017-05-11,TSLA,SELL,399,21.559999465942383,21.53843946647644,8.60243978691101,523.8374431915279,24
2017-05-11,COST,BUY,56,152.07413552844008,152.22620966396852,8.516151589592646,0.0,0
2017-05-11,GOOGL,BUY,1,47.207806188550954,47.25501399473951,0.04720780618855096,0.0,0
2017-05-11,AMD,BUY,2,10.739999771118164,10.750739770889282,0.02147999954223633,0.0,0
2017-05-15,JNJ,SELL,159,97.62221688498836,97.52459466810338,15.52193248471315,-9.099754214718986,45
2017-05-15,META,BUY,94,149.2499241995738,149.39917412377338,14.029492874759939,0.0,0
2017-05-15,GOOGL,BUY,1,47.40631591256237,47.45372222847493,0.04740631591256237,0.0,0
2017-05-15,CAT,BUY,16,84.18210331225806,84.26628541557032,1.346913652996129,0.0,0
2017-05-15,AMD,BUY,4,11.40999984741211,11.421409847259522,0.04563999938964844,0.0,0
2017-05-16,AMD,BUY,1,11.65999984741211,11.671659847259521,0.01165999984741211,0.0,0
2017-06-09,AMD,SELL,11,13.100000381469727,13.086900381088256,0.14410000419616698,20.728844149589523,60
2017-06-09,MA,BUY,1,119.06246593110457,119.18152839703568,0.11906246593110457,0.0,0
2017-06-09,BAC,BUY,2,19.062209689944417,19.081271899634363,0.038124419379888835,0.0,0
2017-06-14,BAC,SELL,2,19.333119892336978,19.31378677244464,0.038666239784673956,0.426363505835881,5
2017-06-14,WMT,BUY,1,23.10129137336095,23.124392664734312,0.023101291373360953,0.0,0
2017-06-15,LLY,SELL,214,71.3238913674514,71.25256747608394,15.2633127526346,69.0160886042208,59
2017-06-15,JPM,SELL,218,68.51630264222757,68.44778633958535,14.936553976005612,-81.76662324540406,162
2017-06-15,TSLA,BUY,35,24.833332061767578,24.858165393829346,0.8691666221618654,0.0,0
2017-06-15,CAT,BUY,138,86.013430062235,86.09944349229724,11.869853348588432,0.0,0
2017-06-15,JNJ,BUY,152,104.26481340727378,104.36907822068105,15.848251637905616,0.0,0
2017-06-15,MSFT,BUY,1,63.05505193428567,63.118106986219956,0.06305505193428568,0.0,0
2017-06-15,UNH,BUY,9,158.7753538206694,158.93412917449007,1.4289781843860245,0.0,0
2017-06-20,WMT,BUY,3,22.04384482353486,22.065888668358397,0.06613153447060459,0.0,0
2017-07-14,MSFT,SELL,1,65.75859316498901,65.69283457182402,0.06575859316498901,2.508968992439077,29
2017-07-14,JPM,BUY,1,72.53554179870743,72.60807734050613,0.07253554179870743,0.0,0
2017-07-18,GOOGL,SELL,2,48.30303491759887,48.25473188268127,0.09660606983519775,1.704121472312912,68
2017-07-18,JPM,BUY,1,72.24798309056688,72.32023107365744,0.07224798309056688,0.0,0
2017-07-21,DIS,SELL,149,101.62986023409869,101.52823037386459,15.142849174880704,131.12677769174584,198
2017-07-21,JPM,BUY,208,72.7352371817673,72.80797241894906,15.1289293338076,0.0,0
2017-07-27,WMT,SELL,4,22.86888738899771,22.84601850160871,0.09147554955599084,1.9705397870693453,43
2017-07-27,JPM,BUY,1,73.3503002864915,73.423650586778,0.0733503002864915,0.0,0
2017-08-08,TSLA,SELL,35,23.8353328704834,23.811497537612915,0.834236650466919,-37.467611618041985,54
2017-08-08,V,BUY,9,95.70250656649219,95.79820907305869,0.8613225590984297,0.0,0
2017-08-17,COST,SELL,56,141.57259114926381,141.43101855811454,7.928065104358774,-612.4587670321813,98
2017-08-17,CVX,BUY,105,74.78050400562817,74.8552845096338,7.851952920590959,0.0,0
2017-08-18,WMT,BUY,2,23.275838384264947,23.299114222649212,0.04655167676852989,0.0,0
2017-09-06,JNJ,SELL,152,103.76749222280903,103.66372473058621,15.772658817866972,-122.9863893122821,83
2017-09-06,MA,BUY,124,126.98536040784026,127.1123457682481,15.746184690572191,0.0,0
2017-09-15,AMZN,SELL,1,49.6505012512207,49.60085074996948,0.049650501251220704,2.456652137756344,130
2017-09-15,AMD,BUY,3,12.329999923706055,12.34232992362976,0.036989999771118165,0.0,0
2017-09-20,JPM,SELL,211,75.16347012672053,75.0883066565938,15.859492196738032,465.3629902022057,68
2017-09-20,HD,BUY,122,129.08684658263584,129.21593342921847,15.748595283081572,0.0,0
2017-09-20,CVX,BUY,1,81.7177416494453,81.79945939109474,0.0817177416494453,0.0,0
2017-09-21,AMD,SELL,3,14.0,13.986,0.042,4.8890102291107205,6
2017-09-21,MRK,BUY,1,49.080927334535815,49.13000826187035,0.04908092733453582,0.0,0
2017-10-11,WMT,SELL,2,24.72582691125545,24.701101084344195,0.0494516538225109,2.754522069567455,54
2017-10-11,TSLA,BUY,1,23.592666625976562,23.61625929260254,0.023592666625976564,0.0,0
2017-10-11,AVGO,BUY,1,19.314750665840545,19.334065416506387,0.019314750665840544,0.0,0
2017-10-18,TSLA,SELL,1,23.731332778930664,23.707601446151735,0.023731332778930664,0.06761082077026495,7
2017-10-26,TSLA,BUY,1,21.851999282836914,21.87385128211975,0.021851999282836914,0.0,0
2017-10-31,AMD,BUY,1,10.760000228881836,10.770760229110717,0.010760000228881836,0.0,0
2017-11-01,AVGO,SELL,1,20.81371666583294,20.792902949167104,0.02081371666583294,1.4380238159948835,21
2017-11-02,AMD,BUY,2,10.869999885559082,10.88086988544464,0.021739999771118165,0.0,0
2017-11-30,CVX,SELL,106,83.02081865339784,82.93779783474444,8.800206777260172,841.0020308030063,105
2017-11-30,DIS,BUY,88,99.97872124427579,100.07869996552006,8.798127469496269,0.0,0
2017-12-13,TSLA,SELL,1,22.728666305541992,22.70593763923645,0.022728666305541993,0.8093576908111554,48
2017-12-13,NVDA,BUY,2,4.759181458743674,4.763940640202418,0.009518362917487349,0.0,0
2017-12-28,MRK,SELL,1,42.34991409157613,42.30756417748456,0.04234991409157613,-6.86479399847737,98
2017-12-28,AMD,BUY,3,10.569999694824219,10.580569694519044,0.031709999084472654,0.0,0
2018-01-04,NVDA,SELL,2,5.334238770822846,5.3289045320520225,0.010668477541645691,1.1192593061575633,22
2018-01-05,AMD,SELL,6,12.1899995803833,12.177809580802917,0.0731399974822998,8.719508403778065,66
2018-01-05,CVX,BUY,1,90.60354580900409,90.69414935481309,0.0906035458090041,0.0,0
2018-02-27,CAT,SELL,154,137.71018272335763,137.57247254063427,21.207368139397076,7934.969634532137,288
2018-02-27,BA,BUY,24,349.1764056081692,349.52558201377735,8.380233734596061,0.0,0
2018-02-27,AMZN,BUY,78,76.2249984741211,76.30122347259521,5.945549880981445,0.0,0
2018-02-27,MSFT,BUY,1,88.46813625122078,88.556604387472,0.08846813625122078,0.0,0
2018-02-27,NFLX,BUY,4,29.476999282836914,29.506476282119753,0.11790799713134766,0.0,0
2018-02-27,MA,BUY,39,170.22646549091573,170.39669195640664,6.638832154145714,0.0,0
2018-03-12,META,SELL,209,184.09509700093818,183.91100190393723,38.47587527319608,8379.43034230118,333
2018-03-12,AMZN,BUY,174,79.62999725341797,79.70962725067139,13.855619522094727,0.0,0
2018-03-12,CRM,BUY,118,126.53893123938599,126.66547017062537,14.931593886247548,0.0,0
2018-03-12,NFLX,BUY,268,33.35599899291992,33.38935499191284,8.93940773010254,0.0,0
2018-03-12,V,BUY,5,118.22812858760095,118.34635671618855,0.5911406429380048,0.0,0
2018-03-12,WMT,BUY,3,26.222321032797197,26.248543353829994,0.07866696309839159,0.0,0
2018-04-03,MA,SELL,165,165.09251349579722,164.9274209823014,27.240264726806544,4557.278375094886,447
2018-04-03,TSLA,BUY,57,17.988000869750977,18.005988870620726,1.0253160495758056,0.0,0
2018-04-03,AMD,BUY,18,9.630000114440918,9.63963011455536,0.17334000205993652,0.0,0
2018-04-03,BA,BUY,1,311.0217360226895,311.33275775871215,0.3110217360226895,0.0,0
2018-04-03,BAC,BUY,583,24.570318470735373,24.59488878920611,14.324495668438724,0.0,0
2018-04-03,CAT,BUY,2,122.13916109180113,122.26130025289292,0.24427832218360226,0.0,0
2018-04-03,BRK-B,BUY,56,196.0,196.196,10.976,0.0,0
2018-04-03,JPM,BUY,1,87.51327284786478,87.60078612071266,0.08751327284786478,0.0,0
2018-04-03,AVGO,BUY,1,18.57320023282241,18.59177343305523,0.01857320023282241,0.0,0
2018-04-03,NVDA,BUY,4,5.635403535381037,5.641038938916418,0.02254161414152415,0.0,0
2018-04-04,NVDA,BUY,1,5.318999465191075,5.324318464656266,0.0053189994651910745,0.0,0
2018-04-11,CVX,SELL,1,84.86978926789992,84.78491947863202,0.08486978926789993,-5.994099665448973,96
2018-04-11,JPM,BUY,1,90.63572288510976,90.72635860799487,0.09063572288510977,0.0,0
2018-04-13,NFLX,SELL,272,31.729000091552734,31.697271091461182,8.630288024902345,-453.3455941085821,45
2018-04-13,CRM,SELL,118,120.6706408676396,120.54997022677196,14.239135622381474,-735.8681289970835,32
2018-04-13,META,BUY,65,163.5716386272767,163.735210265904,10.632156510772987,0.0,0
2018-04-13,BAC,BUY,471,25.892819772056964,25.91871259182902,12.19551811263883,0.0,0
2018-04-16,MSFT,SELL,1,86.9249537390925,86.83802878535342,0.08692495373909251,-1.8055005558576835,48
2018-04-16,BAC,BUY,2,25.01945955721295,25.044479016770165,0.0500389191144259,0.0,0
2018-04-16,AMD,BUY,3,10.0,10.01,0.03,0.0,0
2018-04-17,UNH,SELL,9,211.25837225892732,211.0471138866684,1.901325350330346,467.11553705927463,306
2018-04-17,CVX,BUY,22,86.47864575998254,86.56512440574252,1.902530206719616,0.0,0
2018-04-18,V,SELL,14,117.57418097298968,117.45660679201669,1.6460385336218557,188.83079131614082,253
2018-04-18,AVGO,SELL,1,20.19351257036036,20.17331905779,0.020193512570360363,1.5613521121644087,15
2018-04-18,CVX,BUY,18,87.56556569048794,87.65313125617843,1.5761801824287829,0.0,0
2018-04-18,AMD,BUY,8,10.510000228881836,10.520510229110718,0.08408000183105468,0.0,0
2018-04-19,CAT,SELL,2,131.07179886295742,130.94072706409446,0.26214359772591483,17.09671002467716,16
2018-04-19,UNH,BUY,1,208.51293764090144,208.72145057854235,0.20851293764090145,0.0,0
2018-04-19,MRK,BUY,1,44.67655866463443,44.72123522329906,0.04467655866463443,0.0,0
2018-04-20,BA,SELL,128,326.316176642731,325.9898604660883,41.768470610269574,17879.552547339506,471
2018-04-20,AMZN,SELL,252,78.05999755859375,77.98193756103515,19.671119384765625,-189.19342648315472,52
2018-04-20,CVX,BUY,192,88.22339029035354,88.31161368064389,16.938890935747878,0.0,0
2018-04-20,MSFT,BUY,127,88.62520945550824,88.71383466496376,11.255401600849547,0.0,0
2018-04-20,UNH,BUY,70,208.38047360872787,208.5888540823366,14.586633152610952,0.0,0
2018-04-20,NFLX,BUY,243,33.22200012207031,33.255222122192386,8.072946029663086,0.0,0
2018-04-20,CRM,BUY,85,122.71909589758937,122.84181499348696,10.431123151295097,0.0,0
2018-04-20,AMD,BUY,3,10.050000190734863,10.060050190925597,0.030150000572204592,0.0,0
2018-04-26,NVDA,BUY,1,5.521605633982791,5.527127239616774,0.005521605633982791,0.0,0
2018-04-27,HD,SELL,122,153.60069138575798,153.44709069437224,18.739284349062476,2937.461901999697,219
2018-04-27,COST,BUY,101,175.13603481064916,175.31117084545983,17.688739515875564,0.0,0
2018-04-27,MRK,BUY,22,44.99501585266797,45.04001086852064,0.9898903487586953,0.0,0
2018-04-27,AMD,BUY,1,11.199999809265137,11.211199809074403,0.011199999809265136,0.0,0
2018-04-27,NVDA,BUY,2,5.677459130979078,5.683136590110057,0.011354918261958157,0.0,0
2018-04-30,META,SELL,65,172.7252085214375,172.55248331291608,11.22713855389344,561.8956095018927,17
2018-04-30,COST,BUY,63,177.06754505688906,177.24461260194596,11.155255338584011,0.0,0
2018-04-30,MRK,BUY,1,45.23007810615799,45.27530818426415,0.04523007810615799,0.0,0
2018-04-30,NVDA,BUY,1,5.61536517991178,5.620980545091692,0.0056153651799117806,0.0,0
2018-05-02,AMD,SELL,33,11.100000381469727,11.088900381088257,0.366300012588501,36.46863828659061,29
2018-05-02,DIS,SELL,88,95.81845351210887,95.72263505859677,8.432023909065581,-391.76573571831545,153
2018-05-02,MRK,BUY,201,43.73631772656051,43.78005404428707,8.790999863038662,0.0,0
2018-05-07,NVDA,SELL,9,6.018600587036718,6.012581986449681,0.054167405283330465,3.656215287513286,34
2018-05-07,AVGO,BUY,2,18.60859938492333,18.627207984308253,0.03721719876984666,0.0,0
2018-05-08,NFLX,SELL,243,32.59000015258789,32.5574101524353,7.919370037078858,-177.4876786880501,18
2018-05-08,MA,BUY,27,181.183154583455,181.36433773803847,4.891945173753285,0.0,0
2018-05-08,CVX,BUY,33,89.33172887012306,89.42106059899318,2.9479470527140608,0.0,0
2018-05-08,AVGO,BUY,3,18.96580588729913,18.984771693186428,0.05689741766189739,0.0,0
2018-05-10,TSLA,SELL,57,20.5,20.4795,1.1685,139.82163437461872,37
2018-05-10,AMZN,BUY,14,80.42400360107422,80.5044276046753,1.125936050415039,0.0,0
2018-05-10,AAPL,BUY,1,44.14644419035238,44.19059063454274,0.04414644419035239,0.0,0
2018-05-11,JPM,SELL,2,92.93284665077812,92.83991380412733,0.18586569330155625,7.166817186245575,38
2018-05-11,HD,BUY,1,155.37274560223898,155.52811834784123,0.155372745602239,0.0,0
2018-05-11,KO,BUY,1,33.211416921833234,33.244628338755064,0.033211416921833235,0.0,0
2018-05-15,BAC,SELL,1056,25.718151330626625,25.692433179296,27.158367805141715,507.4283166392656,42
2018-05-15,AVGO,SELL,5,19.49437996104666,19.474885581085616,0.09747189980523331,3.0682249574470557,8
2018-05-15,AMZN,BUY,184,79.38999938964844,79.46938938903808,14.607759887695313,0.0,0
2018-05-15,CRM,BUY,46,125.60870589872209,125.73431460462082,5.778000471341215,0.0,0
2018-05-15,MA,BUY,37,183.21666239978003,183.39987906217982,6.7790165087918615,0.0,0
2018-05-15,KO,BUY,1,32.84973227840753,32.88258201068594,0.03284973227840753,0.0,0
2018-06-06,KO,SELL,2,33.85613508149011,33.822278946408616,0.06771227016298022,1.4496352732132518,26
2018-06-06,LLY,BUY,1,76.41338291426585,76.48979629718012,0.07641338291426586,0.0,0
2018-06-28,WMT,SELL,3,25.837159359977058,25.81132220061708,0.07751147807993117,-1.3891749377186717,108
2018-06-28,PG,BUY,1,64.06165683829683,64.12571849513512,0.06406165683829683,0.0,0
2018-07-11,CVX,SELL,265,91.04837302979413,90.95732465676434,24.127818852895448,690.6492892017015,85
2018-07-11,AAPL,SELL,1,44.49606814931717,44.45157208116785,0.04449606814931717,0.2164853784757994,62
2018-07-11,PEP,BUY,164,89.64687711709878,89.73652399421589,14.7020878472042,0.0,0
2018-07-11,MA,BUY,49,192.53272140339712,192.72525412480053,9.434103348766458,0.0,0
2018-07-19,BRK-B,SELL,56,200.35000610351562,200.1496560974121,11.219600341796875,210.18514111328113,107
2018-07-19,JNJ,BUY,108,103.41004343985232,103.51345348329217,11.16828469150405,0.0,0
2018-08-24,HD,SELL,1,166.8348521955769,166.66801734338134,0.1668348521955769,10.973064143344532,105
2018-08-24,LLY,BUY,2,95.56480698541283,95.66037179239824,0.19112961397082567,0.0,0
2018-09-11,PEP,SELL,164,89.75445854805088,89.66470408950282,14.719731201880345,-26.498195574823292,62
2018-09-11,COST,BUY,62,220.3224793612597,220.54280184062097,13.659993720398102,0.0,0
2018-09-11,JNJ,BUY,9,112.35169871359798,112.46405041231158,1.0111652884223818,0.0,0
2018-10-08,COST,SELL,226,198.1122949169119,197.914182621995,44.77337865122209,2137.3393304871165,164
2018-10-08,CVX,BUY,270,90.33378846590166,90.42412225436756,24.39012288579345,0.0,0
2018-10-08,CAT,BUY,156,129.6053652467486,129.73497061199535,20.218436978492782,0.0,0
2018-10-08,XOM,BUY,1,60.62684726091592,60.687474108176836,0.060626847260915925,0.0,0
2018-10-11,BAC,BUY,1,24.24447840701789,24.268722885424907,0.02424447840701789,0.0,0
2018-10-23,PG,SELL,1,72.04056183372434,71.96852127189061,0.07204056183372434,7.770762214921766,117
2018-10-23,BAC,BUY,4,22.146479905139653,22.168626385044792,0.08858591962055862,0.0,0
2018-11-09,LLY,SELL,3,99.9551211311307,99.85516600999956,0.2998653633933921,31.455092784628707,156
2018-11-09,PG,BUY,3,76.51326477802174,76.58977804279975,0.22953979433406524,0.0,0
2018-11-09,KO,BUY,1,39.512233883857995,39.55174611774185,0.039512233883857995,0.0,0
2018-11-09,WMT,BUY,1,31.418069641132984,31.449487710774118,0.03141806964113299,0.0,0
2018-11-14,WMT,SELL,1,30.81961348435662,30.78879387087226,0.03081961348435662,-0.6915134533862133,5
2018-11-14,BAC,BUY,1,23.45563253065212,23.479088163182773,0.02345563253065212,0.0,0
2018-11-15,NVDA,BUY,1,4.877902394620918,4.882780297015539,0.004877902394620918,0.0,0
2018-11-19,CVX,SELL,270,86.8708774350101,86.7840065575751,23.455136907452726,-1006.2863750414178,42
2018-11-19,TSLA,BUY,16,23.756000518798828,23.779756519317626,0.3800960083007813,0.0,0
2018-11-19,COST,BUY,101,209.6920110397573,209.90170305079704,21.178893115015487,0.0,0
2018-11-19,JNJ,BUY,11,119.52672669402116,119.64625342071518,1.3147939936342328,0.0,0
2018-11-19,BRK-B,BUY,2,218.27999877929688,218.49827877807618,0.43655999755859376,0.0,0
2018-11-19,PEP,BUY,1,94.7537785016484,94.84853228015005,0.0947537785016484,0.0,0
2018-11-19,NVDA,BUY,1,4.00708923124758,4.011096320478828,0.00400708923124758,0.0,0
2018-12-03,MSFT,SELL,127,105.72808997635425,105.6223618863779,13.42746742699699,2133.9554896925997,227
2018-12-03,LLY,BUY,3,107.93679806390206,108.04473486196596,0.3238103941917062,0.0,0
2018-12-03,PEP,BUY,135,96.67964052775699,96.77632016828474,13.051751471247194,0.0,0
2018-12-03,NVDA,BUY,7,4.279098647735979,4.283377746383715,0.029953690534151853,0.0,0
2018-12-04,CAT,SELL,156,118.52556698465675,118.40704141767209,18.489988449606454,-1785.6469427640352,57
2018-12-04,LLY,BUY,4,107.94591705276548,108.05386296981824,0.43178366821106196,0.0,0
2018-12-04,BRK-B,BUY,81,220.1300048828125,220.3501348876953,17.830530395507814,0.0,0
2018-12-04,PEP,BUY,1,95.78891258854351,95.88470150113206,0.09578891258854351,0.0,0
2018-12-04,PG,BUY,1,78.30568778667438,78.38399347446106,0.07830568778667439,0.0,0
2018-12-04,NVDA,BUY,4,4.171005718250445,4.175176723968695,0.01668402287300178,0.0,0
2018-12-06,CRM,SELL,131,133.39678653680278,133.263389750266,17.474979036321166,1214.696331989576,230
2018-12-06,LLY,BUY,1,104.91630435017925,105.02122065452943,0.10491630435017925,0.0,0
2018-12-06,BRK-B,BUY,40,207.0500030517578,207.25705305480957,8.282000122070313,0.0,0
2018-12-06,PEP,BUY,96,94.07449727610131,94.16857177337741,9.031151738505727,0.0,0
2018-12-06,NVDA,BUY,5,3.7544999483526666,3.7582544483010194,0.018772499741763336,0.0,0
2018-12-07,MA,SELL,113,195.93825433123857,195.74231607690734,22.141022739429957,970.5705976081817,213
2018-12-07,COST,SELL,101,211.0863438600378,210.87525751617775,21.319720729863818,77.00928027358843,18
2018-12-07,PEP,BUY,231,94.1230487411169,94.21717178985801,21.742424259198003,0.0,0
2018-12-07,PG,BUY,31,78.38944561750824,78.46783506312575,2.4300728141427554,0.0,0
2018-12-07,TSLA,BUY,415,24.600000381469727,24.624600381851195,10.209000158309937,0.0,0
2018-12-07,NVDA,BUY,1288,3.9285400477175796,3.932468587765297,5.059959581460242,0.0,0
2018-12-07,HD,BUY,1,147.64330329483687,147.7909465981317,0.14764330329483688,0.0,0
2018-12-07,QQQ,BUY,23,158.77364303714677,158.9324166801839,3.6517937898543757,0.0,0
2018-12-07,AMZN,BUY,1,85.25350189208984,85.33875539398193,0.08525350189208984,0.0,0
2018-12-07,NFLX,BUY,1,28.24799919128418,28.276247190475463,0.02824799919128418,0.0,0
2018-12-07,AMD,BUY,1,21.299999237060547,21.32129923629761,0.02129999923706055,0.0,0
2018-12-10,TSLA,SELL,431,24.0,23.976,10.344,-276.37326277732785,21
2018-12-10,AAPL,BUY,263,39.22179290135247,39.261014694253824,10.3153315330557,0.0,0
2018-12-10,NVDA,BUY,2,3.614673346687054,3.618288020033741,0.007229346693374108,0.0,0
2019-01-02,LLY,SELL,8,104.4341444702344,104.32971032576417,0.8354731557618752,-27.568667669348898,30
2019-01-02,NVDA,BUY,258,3.2388267751101627,3.242065601885273,0.835617307978422,0.0,0
2019-01-03,MRK,SELL,225,58.53817413036298,58.47963595623262,13.171089179331672,3264.079355556291,259
2019-01-03,NVDA,BUY,2048,3.316921962937244,3.3202388849001814,6.793056180095475,0.0,0
2019-01-03,BRK-B,BUY,31,199.97000122070312,200.16997122192382,6.199070037841797,0.0,0
2019-01-03,CRM,BUY,1,132.09052764615095,132.2226181737971,0.13209052764615095,0.0,0
2019-01-04,NVDA,BUY,2,3.2462644996476775,3.2495107641473253,0.006492528999295355,0.0,0
2019-01-07,NVDA,BUY,1,3.4336914833405525,3.437125174823893,0.0034336914833405525,0.0,0
2019-01-08,NFLX,SELL,1,31.99799919128418,31.966001192092897,0.03199799919128418,3.65775600242615,32
2019-01-08,CRM,SELL,1,143.22340984017322,143.08018643033304,0.14322340984017323,10.714344846695782,5
2019-01-08,AAPL,BUY,4,35.551569345096745,35.58712091444184,0.142206277380387,0.0,0
2019-01-08,BAC,BUY,2,21.704844021729713,21.726548865751443,0.043409688043459425,0.0,0
2019-01-10,HD,SELL,1,149.89988459943072,149.7499847148313,0.1498998845994307,1.8091382321001577,34
2019-01-10,LLY,BUY,1,106.52662342308426,106.63315004650734,0.10652662342308426,0.0,0
2019-01-10,BAC,BUY,2,21.569818423096464,21.59138824151956,0.04313963684619293,0.0,0
2019-01-11,AMZN,SELL,199,82.02749633789062,81.94546884155274,16.323471771240236,456.0564382553145,246
2019-01-11,CRM,BUY,54,145.03435350127944,145.1793878547807,7.83185508906909,0.0,0
2019-01-11,NFLX,BUY,211,33.09600067138672,33.129096672058104,6.983256141662597,0.0,0
2019-01-11,LLY,BUY,14,104.8708235006469,104.97569432414755,1.4681915290090568,0.0,0
2019-01-11,NVDA,BUY,1,3.578228931110371,3.5818071600414814,0.0035782289311103712,0.0,0
2019-01-15,AMD,SELL,1,20.440000534057617,20.41956053352356,0.020440000534057617,-0.922178703308108,39
2019-01-15,BAC,SELL,10,22.118345129354985,22.09622678422563,0.22118345129354985,-2.3171064123660816,96
2019-01-15,CAT,BUY,2,113.4010163407961,113.5144173571369,0.2268020326815922,0.0,0
2019-01-15,NVDA,BUY,3,3.762434042318583,3.7661964763609017,0.01128730212695575,0.0,0
2019-01-17,QQQ,SELL,23,155.07855870949385,154.92348015078434,3.5668068503183585,-95.7723470265083,41
2019-01-17,NFLX,BUY,98,34.95000076293945,34.98495076370239,3.425100074768067,0.0,0
2019-01-17,LLY,BUY,1,106.27188330720016,106.37815519050736,0.10627188330720015,0.0,0
2019-01-17,NVDA,BUY,7,3.6570682145919076,3.6607252828064993,0.025599477502143354,0.0,0
2019-01-18,NVDA,BUY,1,3.8112744577460855,3.8150857322038316,0.0038112744577460857,0.0,0
2019-01-22,NVDA,SELL,3629,3.8603623976914765,3.856502035293785,14.009255141222368,1144.0521463125317,68
2019-01-22,UNH,SELL,71,235.4710767902652,235.2356057134749,16.71844645210883,1875.0683228625044,278
2019-01-22,LLY,BUY,146,105.25294182259216,105.35819476441476,15.366929506098456,0.0,0
2019-01-22,CAT,BUY,108,116.5667689911765,116.68333576016768,12.589211051047062,0.0,0
2019-01-22,META,BUY,18,148.28585047678212,148.4341363272589,2.669145308582078,0.0,0
2019-01-22,NFLX,BUY,1,33.48899841308594,33.52248741149902,0.03348899841308594,0.0,0
2019-01-24,PG,SELL,35,79.60039705641795,79.52079665936152,2.786013896974628,39.785654620919864,76
2019-01-24,HD,BUY,16,149.03257664230372,149.18160921894602,2.38452122627686,0.0,0
2019-01-24,CAT,BUY,3,113.5258198584392,113.63934567829764,0.3405774595753176,0.0,0
2019-01-24,NFLX,BUY,2,32.060001373291016,32.092061374664304,0.06412000274658203,0.0,0
2019-01-25,JNJ,SELL,128,105.25498818052243,105.14973319234191,13.472638487106872,-62.04500740156842,190
2019-01-25,AMZN,BUY,106,83.5250015258789,83.60852652740479,8.853650161743165,0.0,0
2019-01-25,CAT,BUY,39,116.42855614189139,116.54498469803329,4.5407136895337645,0.0,0
2019-01-25,BAC,BUY,2,24.709091117836724,24.733800208954563,0.04941818223567345,0.0,0
2019-01-30,BRK-B,SELL,154,203.30999755859375,203.10668756103516,31.309739624023436,-1533.7885687561004,72
2019-01-30,AMZN,BUY,48,81.1500015258789,81.23115152740479,3.8952000732421874,0.0,0
2019-01-30,META,BUY,2,145.32410395289773,145.46942805685063,0.2906482079057955,0.0,0
2019-01-30,IWM,BUY,122,134.91877623605552,135.05369501229157,16.460090700798773,0.0,0
2019-01-30,MA,BUY,55,193.04075144104868,193.23379219248974,10.617241329257677,0.0,0
2019-02-04,AAPL,SELL,267,39.79466519430484,39.75487052911053,10.625175606879393,135.9299074191094,56
2019-02-04,KO,SELL,1,39.26831821053287,39.22904989232234,0.03926831821053287,-0.3619645436300458,87
2019-02-04,XOM,SELL,1,54.719308134778615,54.664588826643836,0.05471930813477861,-6.077604589667779,119
2019-02-04,BAC,BUY,445,24.025539691922745,24.049565231614668,10.691365162905623,0.0,0
2019-02-05,PEP,SELL,464,91.42156662683743,91.3301450602106,42.41960691485257,-1725.1183291782932,78
2019-02-05,BAC,BUY,537,24.346217634798226,24.370563852433023,13.073918869886649,0.0,0
2019-02-05,BA,BUY,29,389.40749343155585,389.7969009249874,11.292817309515119,0.0,0
2019-02-05,UNH,BUY,74,240.87505689528032,241.1159319521756,17.824754210250745,0.0,0
2019-02-05,NFLX,BUY,3,35.31999969482422,35.355319694519046,0.10595999908447265,0.0,0
2019-02-05,AMD,BUY,1,23.420000076293945,23.443420076370238,0.023420000076293947,0.0,0
2019-02-07,BAC,SELL,984,24.084609722567365,24.060525112844797,23.699255967006284,-186.65946217069543,13
2019-02-07,UNH,BUY,46,239.5552707806119,239.7948260513925,11.019542455908148,0.0,0
2019-02-07,PG,BUY,153,82.32719792594064,82.40952512386657,12.596061282668916,0.0,0
2019-02-07,NFLX,BUY,1,34.790000915527344,34.82479091644287,0.03479000091552734,0.0,0
2019-03-12,AMD,SELL,1,23.100000381469727,23.076900381088258,0.023100000381469726,-0.38961969566344956,35
2019-03-12,TSLA,BUY,1,19.099332809448242,19.118432142257692,0.01909933280944824,0.0,0
2019-04-02,CAT,SELL,152,121.07635253512423,120.9552761825891,18.403605585338884,651.7968370976324,77
2019-04-02,AAPL,BUY,222,45.61840573488142,45.664024140616306,10.127286073143676,0.0,0
2019-04-02,COST,BUY,37,221.50624690382992,221.72775315073375,8.195731135441706,0.0,0
2019-04-02,XOM,BUY,1,59.7012512212141,59.760952472435314,0.0597012512212141,0.0,0
2019-04-26,CRM,SELL,54,160.7292635641361,160.56853430057194,8.679380232463348,822.3345278402629,105
2019-04-26,AMD,BUY,217,27.65999984741211,27.68765984725952,6.002219966888428,0.0,0
2019-04-26,AAPL,BUY,4,48.9152182829274,48.96413350121033,0.1956608731317096,0.0,0
2019-04-26,CAT,BUY,20,118.6900405078553,118.80873054836316,2.373800810157106,0.0,0
2019-04-26,PG,BUY,1,88.37494042286812,88.46331536329099,0.08837494042286813,0.0,0
2019-05-13,HD,SELL,16,162.0180163381439,161.85599832180574,2.592288261410302,200.19793738434524,109
2019-05-13,META,BUY,10,182.37571709965326,182.55809281675292,1.8237571709965326,0.0,0
2019-05-13,DIS,BUY,6,127.78209730632524,127.90987940363156,0.7666925838379515,0.0,0
2019-05-20,UNH,SELL,120,214.83281301436537,214.617980201351,25.779937561723845,-3144.7632762246526,104
2019-05-20,MSFT,BUY,2,119.323657671578,119.44298132924958,0.238647315343156,0.0,0
2019-05-20,DIS,BUY,94,130.45434601431234,130.58480036032665,12.262708525345358,0.0,0
2019-05-20,MA,BUY,54,241.60416321800545,241.84576738122345,13.046624813772295,0.0,0
2019-05-20,V,BUY,1,156.08202964936376,156.23811167901312,0.15608202964936377,0.0,0
2019-05-20,NVDA,BUY,4,3.785916994493548,3.789702911488041,0.01514366797797419,0.0,0
2019-05-23,NVDA,BUY,1,3.714938721475612,3.718653660197088,0.0037149387214756124,0.0,0
2019-05-29,LLY,SELL,162,106.34346975466875,106.23712628491408,17.22764210025634,128.21935467618647,139
2019-05-29,AMD,SELL,217,29.0,28.971,6.293,272.1918131446839,33
2019-05-29,UNH,BUY,81,214.69859767334142,214.91329627101476,17.390586411540657,0.0,0
2019-05-29,MA,BUY,25,243.3017348688488,243.54503660371765,6.082543371721219,0.0,0
2019-06-17,AAPL,SELL,226,46.22783260024407,46.181604767643826,10.447490167655161,93.32529409818827,76
2019-06-17,MRK,BUY,160,64.9352818632897,65.00021714515299,10.389645098126351,0.0,0
2019-06-17,AMD,BUY,1,30.25,30.28025,0.03025,0.0,0
2019-06-17,NVDA,BUY,3,3.591969097941791,3.5955610670397324,0.010775907293825373,0.0,0
2019-06-18,AMZN,SELL,154,95.06749725341797,94.97242975616454,14.640394577026367,1849.5147026519755,144
2019-06-18,HD,BUY,61,177.7614774691813,177.93923894665048,10.843450125620059,0.0,0
2019-06-18,MSFT,BUY,29,126.55739297122071,126.68395036419193,3.6701643961654007,0.0,0
2019-06-18,MRK,BUY,1,65.35144640251856,65.41679784892108,0.06535144640251857,0.0,0
2019-06-18,AMD,BUY,1,29.760000228881836,29.78976022911072,0.029760000228881835,0.0,0
2019-06-18,NVDA,BUY,1,3.664766524303786,3.6684312908280896,0.003664766524303786,0.0,0
2019-06-19,META,SELL,30,185.85424405224222,185.66838980818997,5.575627321567267,776.1418287522417,148
2019-06-19,MSFT,BUY,43,127.32137383076677,127.44869520459754,5.474819074722971,0.0,0
2019-06-19,MRK,BUY,1,66.15231989831365,66.21847221821196,0.06615231989831365,0.0,0
2019-06-19,TSLA,BUY,1,15.007332801818848,15.022340134620666,0.015007332801818847,0.0,0
2019-06-19,NVDA,BUY,2,3.8337181035688292,3.837551821672398,0.007667436207137658,0.0,0
2019-06-20,IWM,SELL,122,144.1326327024028,143.9885000697004,17.58418118969314,1072.4620358141833,141
2019-06-20,BA,SELL,29,366.35648288498567,365.99012640210066,10.624338003664585,-701.0207991673809,135
2019-06-20,CAT,SELL,20,115.50897985271436,115.39347087286164,2.3101795970542875,-70.61537310708462,55
2019-06-20,MSFT,BUY,157,129.63196082607152,129.76159278689758,20.352217849693233,0.0,0
2019-06-20,COST,BUY,1,241.21998938419787,241.46120937358208,0.2412199893841979,0.0,0
2019-06-20,PEP,BUY,1,109.95470944646732,110.06466415591379,0.10995470944646732,0.0,0
2019-06-20,DIA,BUY,41,237.38413875159077,237.62152289034236,9.732749688815222,0.0,0
2019-06-20,NVDA,BUY,4,3.8950891685977402,3.898984257766338,0.015580356674390962,0.0,0
2019-06-24,NFLX,SELL,316,37.027000427246094,36.98997342681885,11.700532135009766,1019.7691379318258,164
2019-06-24,XOM,SELL,1,57.268417488080125,57.21114907059204,0.05726841748808013,-2.6070718193313507,83
2019-06-24,TSLA,SELL,2,14.88266658782959,14.86778392124176,0.02976533317565918,-4.434969767570498,104
2019-06-24,DIS,BUY,3,136.1583770695513,136.29453544662087,0.4084751312086539,0.0,0
2019-06-24,PG,BUY,1,95.06577929241394,95.16084507170635,0.09506577929241394,0.0,0
2019-06-24,V,BUY,67,166.83148296167258,166.99831444463425,11.177709358432063,0.0,0
2019-06-24,MRK,BUY,1,66.71769054123823,66.78440823177947,0.06671769054123823,0.0,0
2019-06-27,NVDA,SELL,15,4.042673144685597,4.038630471540911,0.06064009717028396,3.9151965034366882,38
2019-06-27,MRK,BUY,1,65.69691732691368,65.7626142442406,0.06569691732691368,0.0,0
2019-06-28,AMD,SELL,2,31.079999923706055,31.04891992378235,0.06215999984741211,1.9656696186065663,11
2019-06-28,MRK,BUY,1,65.93248584767784,65.99841833352552,0.06593248584767784,0.0,0
2019-08-05,MRK,SELL,165,65.83826412735793,65.77242586323057,10.86331358101406,111.37149975087374,49
2019-08-05,GOOGL,BUY,186,58.208687271795505,58.2668959590673,10.826815832553963,0.0,0
2019-08-07,MA,SELL,134,254.3645958226155,254.1102312267929,34.084855840230475,4240.530204284077,189
2019-08-07,GOOGL,BUY,158,57.45588321236518,57.51333909557754,9.0780295475537,0.0,0
2019-08-07,UNH,BUY,89,221.42160346647012,221.64302506993658,19.70652270851584,0.0,0
2019-08-07,JNJ,BUY,48,107.70211010214659,107.80981221224874,5.169701284903036,0.0,0
2019-08-07,XOM,BUY,1,51.60288732932346,51.65449021665278,0.05160288732932346,0.0,0
2019-08-13,BAC,BUY,1,23.5111822401992,23.5346934224394,0.023511182240199203,0.0,0
2019-08-14,JNJ,SELL,48,110.34136056474243,110.23101920417768,5.296385307107637,110.9215503054815,7
2019-08-14,PG,BUY,2,99.65175284468786,99.75140459753256,0.19930350568937574,0.0,0
2019-08-14,JPM,BUY,57,89.37300521148381,89.4623782166953,5.094261297054578,0.0,0
2019-08-21,PEP,SELL,1,109.16619122184039,109.05702503061855,0.10916619122184039,-1.1168053165170824,62
2019-08-21,JPM,BUY,1,90.97888233681871,91.06986121915553,0.09097888233681871,0.0,0
2019-08-21,BAC,BUY,1,22.965404510498047,22.988369915008544,0.02296540451049805,0.0,0
2019-08-22,HD,SELL,61,187.9693260346944,187.7813567086597,11.466128888116359,588.9030545944463,65
2019-08-22,PG,BUY,100,101.89362151202383,101.99551513353585,10.189362151202383,0.0,0
2019-08-22,MA,BUY,4,272.43279400176294,272.7052267957647,1.0897311760070518,0.0,0
2019-08-22,JPM,BUY,1,91.11338836528262,91.2045017536479,0.09111338836528261,0.0,0
2019-08-22,BAC,BUY,3,23.1018514970912,23.124953348588292,0.0693055544912736,0.0,0
2019-09-09,DIA,SELL,41,239.4848932007409,239.24540830754017,9.818880621230377,56.76042148387991,81
2019-09-09,BA,BUY,27,353.79801140117223,354.1518094125734,9.55254630783165,0.0,0
2019-09-09,LLY,BUY,2,105.9313707442943,106.0373021150386,0.2118627414885886,0.0,0
2019-09-09,BAC,BUY,1,24.035257237249063,24.05929249448631,0.02403525723724906,0.0,0
2019-09-10,JPM,SELL,59,97.78062309466324,97.68284247156858,5.769056762585132,475.8887277355259,27
2019-09-10,BA,BUY,16,354.80607920017496,355.1608852793751,5.6768972672028,0.0,0
2019-09-10,BAC,BUY,3,24.799237403547263,24.82403664095081,0.07439771221064179,0.0,0
2019-09-11,BAC,SELL,9,25.211266143314347,25.18605487717103,0.2269013952898291,12.018266698697872,29
2019-09-11,V,BUY,1,169.7514517629521,169.92120321471504,0.1697514517629521,0.0,0
2019-09-12,XOM,SELL,1,53.082102552622445,53.02902045006982,0.05308210255262245,1.321448130864418,36
2019-09-12,JPM,BUY,1,97.99081003537427,98.08880084540964,0.09799081003537427,0.0,0
2019-10-11,BAC,BUY,1,24.88507453187698,24.909959606408858,0.02488507453187698,0.0,0
2019-10-15,V,SELL,69,170.45000961998124,170.27955961036128,11.761050663778706,222.48217976692723,148
2019-10-15,BAC,SELL,1,25.18551601009242,25.160330494082327,0.02518551601009242,0.22518537166337674,4
2019-10-15,BA,BUY,32,368.2274433477458,368.59567079109354,11.783278187127866,0.0,0
2019-10-17,MA,SELL,4,270.09493470907324,269.8248397743642,1.080379738836293,-12.601927824438327,56
2019-10-17,JPM,BUY,10,102.3352846505899,102.43761993524049,1.023352846505899,0.0,0
2019-10-18,DIS,SELL,103,129.42404757274775,129.294623525175,13.33067689999302,-147.29857043932432,158
2019-10-18,QQQ,BUY,71,186.26167481934613,186.44793649416548,13.224578912173575,0.0,0
2019-10-18,JNJ,BUY,1,111.82248489341887,111.9343073783123,0.11182248489341888,0.0,0
2019-10-25,PG,SELL,257,107.48744886260316,107.37996141374056,27.62427435768901,4377.689982038404,260
2019-10-25,JPM,BUY,237,105.93715274843447,106.04308990118291,25.10710520137897,0.0,0
2019-10-25,CAT,BUY,20,119.16638801967164,119.28555440769132,2.383327760393433,0.0,0
2019-10-25,CVX,BUY,1,89.23795535728787,89.32719331264516,0.08923795535728787,0.0,0
2019-10-31,LLY,SELL,2,103.93337708762739,103.82944371053976,0.2078667541752548,-4.623583563172927,52
2019-10-31,JPM,BUY,1,106.35238909781928,106.4587414869171,0.10635238909781929,0.0,0
2019-10-31,BAC,BUY,3,26.962409426109566,26.989371835535675,0.0808872282783287,0.0,0
2019-11-05,CVX,SELL,1,91.85970167872851,91.76784197704978,0.09185970167872852,2.3487889627258913,11
2019-11-05,JPM,BUY,1,109.6576413149985,109.7672989563135,0.1096576413149985,0.0,0
2019-11-08,JNJ,SELL,1,110.13647052650059,110.02633405597409,0.1101364705265006,-2.0181097928647085,21
2019-11-08,JPM,BUY,1,110.07291744325214,110.18299036069538,0.11007291744325214,0.0,0
2019-11-14,BA,SELL,75,360.9524571661207,360.59150470895463,27.071434287459056,-22.44306504033983,66
2019-11-14,BAC,BUY,897,28.06116779078389,28.089228958574676,25.17086750833315,0.0,0
2019-11-14,LLY,BUY,17,104.37298470499135,104.47735768969635,1.7743407399848532,0.0,0
2019-11-14,KO,BUY,1,43.37467554986982,43.41805022541969,0.043374675549869825,0.0,0
2019-12-03,KO,SELL,1,44.68030335343508,44.63562305008164,0.04468030335343508,1.1728925213085148,19
2019-12-05,MRK,BUY,1,70.1330055209219,70.20313852644281,0.0701330055209219,0.0,0
2019-12-26,BAC,SELL,900,30.484289653594708,30.453805363941115,27.435860688235238,2103.9824755106793,56
2019-12-26,LLY,BUY,73,121.8723874094162,121.99425979682562,8.896684280887383,0.0,0
2019-12-26,CAT,BUY,141,130.5533710543452,130.68392442539954,18.408025318662673,0.0,0
2019-12-27,COST,SELL,38,270.8219241334187,270.55110220928526,10.291233117069911,1825.2625748850398,269
2019-12-27,LLY,BUY,2,122.40265914682665,122.52506180597348,0.24480531829365332,0.0,0
2019-12-27,CAT,BUY,77,131.20657143449785,131.33777800593234,10.102906000456334,0.0,0
2020-01-31,UNH,SELL,170,252.24837679053624,251.9961284137457,42.88222405439116,5662.253377105832,247
2020-01-31,COST,BUY,101,282.09482127310145,282.37691609437456,28.491576948583244,0.0,0
2020-01-31,MA,BUY,45,312.85103895598996,313.163889994946,14.078296753019549,0.0,0
2020-01-31,LLY,BUY,1,132.89669887331937,133.02959557219268,0.13289669887331937,0.0,0
2020-01-31,KO,BUY,2,49.05599306274999,49.10504905581274,0.09811198612549998,0.0,0
2020-02-10,JPM,SELL,251,116.80982968330298,116.69301985361967,29.31926725050905,2679.5423784259383,151
2020-02-10,MA,BUY,91,315.2520758040277,315.56732787983174,28.68793889816652,0.0,0
2020-02-10,LLY,BUY,4,131.64076141685376,131.77240217827062,0.5265630456674151,0.0,0
2020-02-10,XOM,BUY,1,46.43235479662713,46.47878715142376,0.046432354796627134,0.0,0
2020-03-12,LLY,SELL,97,122.3076556184103,122.18534796279188,11.8638425949858,253.24953600549648,119
2020-03-12,BA,BUY,19,160.52999877929688,160.69052877807619,3.0500699768066406,0.0,0
2020-03-12,CVX,BUY,71,59.786890033958905,59.84667692399287,4.244869192411082,0.0,0
2020-03-12,IWM,BUY,20,108.62852930173916,108.7371578310409,2.1725705860347833,0.0,0
2020-03-12,JPM,BUY,15,76.41472289411148,76.49113761700559,1.1462208434116723,0.0,0
2020-03-12,BAC,BUY,34,17.88438703992347,17.902271426963395,0.608069159357398,0.0,0
2020-03-12,XOM,BUY,10,30.632456036865182,30.663088492902048,0.30632456036865185,0.0,0
2020-03-12,CAT,BUY,1,83.11266265284114,83.19577531549398,0.08311266265284115,0.0,0
2020-03-12,DIS,BUY,1,96.01928624478866,96.11530553103344,0.09601928624478866,0.0,0
2020-03-12,KO,BUY,1,40.3794794147947,40.4198588942095,0.0403794794147947,0.0,0
2020-03-16,XOM,BUY,1,26.40993473556675,26.43634467030232,0.02640993473556675,0.0,0
2020-03-16,AVGO,BUY,1,17.944214862162127,17.96215907702429,0.017944214862162126,0.0,0
2020-03-16,BAC,BUY,1,17.24162167281923,17.258863294492052,0.017241621672819233,0.0,0
2020-03-16,MSFT,SELL,115,128.929931640625,128.8010017089844,14.826942138671875,-21.076315841303987,301
2020-03-16,GOOGL,SELL,172,53.24767303466797,53.1944253616333,9.158599761962892,-822.0925503049198,224
2020-03-16,QQQ,SELL,35,163.57388305664062,163.41030917358398,5.7250859069824225,-812.0420421273346,150
2020-03-16,CAT,SELL,119,83.0326919555664,82.94965926361084,9.880890342712403,-5578.174971675891,143
2020-03-16,COST,SELL,50,259.44586181640625,259.18641595458985,12.972293090820314,-1172.4973000800562,45
2020-03-16,MA,SELL,68,228.1467742919922,227.9186275177002,15.51398065185547,-5921.54825286687,45
2020-03-16,KO,SELL,1,37.981109619140625,37.943128509521486,0.03798110961914063,-8.304838268709313,45
2020-03-16,XOM,SELL,6,26.47903060913086,26.452551578521728,0.15887418365478517,-31.21657308789766,35
2020-03-16,BA,SELL,9,129.61000061035156,129.48039060974122,1.1664900054931642,-282.0577335205079,4
2020-03-16,CVX,SELL,35,53.957603454589844,53.90364585113525,1.8885161209106445,-209.89460367092715,4
2020-03-16,IWM,SELL,10,96.39540100097656,96.29900559997559,0.9639540100097655,-125.34547632066294,4
2020-03-16,JPM,SELL,7,75.36560821533203,75.2902426071167,0.5275592575073242,-8.933824326729596,4
2020-03-16,BAC,SELL,17,17.754093170166016,17.73633907699585,0.30181958389282226,-2.8101570118549937,4
2020-03-18,MSFT,SELL,58,133.67129516601562,133.53762387084961,7.752935119628908,263.8192922272268,303
2020-03-18,GOOGL,SELL,86,54.15035629272461,54.096205936431886,4.656930641174316,-333.5707764799743,226
2020-03-18,QQQ,SELL,18,170.62692260742188,170.45629568481445,3.071284606933594,-290.92081917525206,152
2020-03-18,CAT,SELL,60,88.99723052978516,88.90823329925537,5.339833831787109,-2455.3686259787514,145
2020-03-18,COST,SELL,25,281.7275390625,281.4458115234375,7.0431884765625,-30.32080274998915,47
2020-03-18,MA,SELL,34,220.6725616455078,220.4518890838623,7.502867095947266,-3214.3891099539424,47
2020-03-18,KO,SELL,1,37.63703918457031,37.599402145385746,0.037637039184570314,-8.648220562410483,47
2020-03-18,XOM,SELL,3,25.4272403717041,25.401813131332396,0.0762817211151123,-18.757346514804546,37
2020-03-18,BA,SELL,5,101.88999938964844,101.78810939025878,0.5094499969482422,-295.0215469360353,6
2020-03-18,CVX,SELL,18,42.61643600463867,42.573819568634036,0.7670958480834961,-311.67852824454246,6
2020-03-18,IWM,SELL,5,92.99989318847656,92.90689329528809,0.46499946594238284,-79.61632214470647,6
2020-03-18,JPM,SELL,4,71.552978515625,71.48142553710937,0.2862119140625,-20.32506023364737,6
2020-03-18,BAC,SELL,9,18.058103561401367,18.040045457839966,0.1625229320526123,1.242891151329159,6
2020-03-19,MSFT,SELL,29,135.87062072753906,135.73475010681153,3.9402480010986327,195.56252651522482,304
2020-03-19,GOOGL,SELL,43,55.166683197021484,55.11151651382446,2.3721673774719236,-123.17073546899115,227
2020-03-19,QQQ,SELL,9,171.651123046875,171.47947192382813,1.5448601074218749,-136.26104124045798,153
2020-03-19,CAT,SELL,30,91.56616973876953,91.47460356903076,2.746985092163086,-1150.7702730723836,146
2020-03-19,COST,SELL,13,279.63873291015625,279.3590941772461,3.635303527832031,-42.866988450501985,48
2020-03-19,MA,SELL,17,219.91734313964844,219.69742579650878,3.7385948333740235,-1620.0075921473817,48
2020-03-19,XOM,SELL,1,26.432968139648438,26.40653517150879,0.02643296813964844,-5.248732525859733,38
2020-03-19,BA,SELL,2,97.70999908447266,97.61228908538818,0.1954199981689453,-126.35189938354495,7
2020-03-19,CVX,SELL,9,44.427940368652344,44.383512428283694,0.3998514633178711,-139.56833192470043,7
2020-03-19,IWM,SELL,2,96.6279525756836,96.5313246231079,0.1932559051513672,-24.604922321017362,7
2020-03-19,JPM,SELL,2,72.75560760498047,72.6828519973755,0.14551121520996094,-7.762082454470157,7
2020-03-19,BAC,SELL,4,18.41422462463379,18.395810400009154,0.07365689849853516,1.9740313516812253,7
2020-03-20,MSFT,SELL,14,130.7675323486328,130.63676481628417,1.8307454528808593,23.109144728995677,305
2020-03-20,GOOGL,SELL,21,53.009971618652344,52.956961647033694,1.1132094039916993,-105.35351113966536,228
2020-03-20,QQQ,SELL,4,164.92649841308594,164.76157191467286,0.6597059936523437,-87.40516431162281,154
2020-03-20,CAT,SELL,15,84.89051055908203,84.80562004852295,1.2733576583862305,-675.3197544561135,147
2020-03-20,COST,SELL,6,266.07904052734375,265.8129614868164,1.5964742431640626,-100.98020188851311,49
2020-03-20,MA,SELL,8,204.6882781982422,204.48358992004395,1.6375062255859376,-883.9453684438964,49
2020-03-20,XOM,SELL,1,25.1355037689209,25.110368265151976,0.0251355037689209,-6.543601967845818,39
2020-03-20,BA,SELL,1,95.01000213623047,94.91499213409423,0.09501000213623047,-65.87054664611819,8
2020-03-20,CVX,SELL,4,45.9762077331543,45.93023152542114,0.1839048309326172,-55.84968642521952,8
2020-03-20,IWM,SELL,1,94.33018493652344,94.23585475158691,0.09433018493652344,-14.595633264390514,8
2020-03-20,JPM,SELL,1,71.2203140258789,71.14909371185303,0.0712203140258789,-5.413264219178443,8
2020-03-20,BAC,SELL,2,17.085275650024414,17.06819037437439,0.034170551300048826,-1.6655664774796985,8
2020-03-23,MSFT,SELL,7,129.4630889892578,129.33362590026854,0.9062416229248047,2.441731055904077,308
2020-03-23,GOOGL,SELL,11,52.311248779296875,52.25893753051758,0.5754237365722656,-62.855751832173844,231
2020-03-23,QQQ,SELL,2,165.04559326171875,164.88054766845704,0.3300911865234375,-43.46486883794031,157
2020-03-23,CAT,SELL,7,81.64598846435547,81.56434247589111,0.5715219192504883,-337.81545009994613,150
2020-03-23,COST,SELL,3,261.5988464355469,261.3372475891113,0.7847965393066406,-63.90380205509639,52
2020-03-23,MA,SELL,4,196.82675170898438,196.6299249572754,0.7873070068359375,-473.3558979670654,52
2020-03-23,BA,SELL,1,105.62000274658203,105.51438274383545,0.10562000274658204,-55.281766036987314,11
2020-03-23,CVX,SELL,2,41.97390365600586,41.93192975234985,0.08394780731201172,-35.913442150598044,11
2020-03-23,IWM,SELL,1,92.93474578857422,92.84181104278565,0.09293474578857422,-15.988281534043827,11
2020-03-23,BAC,SELL,1,15.70421028137207,15.688506071090698,0.01570421028137207,-2.211086476654888,11
2020-03-24,MSFT,SELL,4,141.2307586669922,141.0895279083252,0.5649230346679688,48.37181224260377,309
2020-03-24,GOOGL,SELL,5,56.07680130004883,56.02072449874878,0.28038400650024414,-9.78068920879951,232
2020-03-24,QQQ,SELL,1,177.8263397216797,177.648513381958,0.1778263397216797,-8.977249451929158,158
2020-03-24,CAT,SELL,4,90.08171081542969,89.99162910461426,0.36032684326171877,-159.3619964316238,151
2020-03-24,COST,SELL,2,261.05841064453125,260.7973522338867,0.5221168212890626,-43.681244542264736,53
2020-03-24,MA,SELL,2,229.5215606689453,229.29203910827636,0.45904312133789066,-171.4191102994507,53
2020-03-24,CVX,SELL,1,51.5190544128418,51.467535358428954,0.0515190544128418,-8.430660619976754,12
2020-03-24,BAC,SELL,1,18.266565322875977,18.2482987575531,0.018266565322875978,0.3461438547660116,12
2020-03-25,MSFT,SELL,2,139.87881469726562,139.73893588256837,0.27975762939453125,21.48742595772766,310
2020-03-25,GOOGL,SELL,3,54.667945861816406,54.61327791595459,0.16400383758544923,-10.086526707347568,233
2020-03-25,QQQ,SELL,1,176.509521484375,176.33301196289062,0.17650952148437501,-10.291434052759227,159
2020-03-25,CAT,SELL,2,93.04177856445312,92.94873678588867,0.18608355712890626,-73.77270298876113,152
2020-03-25,COST,SELL,1,257.3202819824219,257.0629617004395,0.2573202819824219,-25.571274675917515,54
2020-03-25,MA,SELL,1,248.31349182128906,248.06517832946778,0.24831349182128906,-66.95520785968627,54
2020-03-25,CVX,SELL,1,53.624717712402344,53.57109299468994,0.05362471771240235,-6.329208647015328,13
2020-03-26,MSFT,SELL,1,148.62835693359375,148.47972857666016,0.14862835693359375,19.475756130719297,311
2020-03-26,GOOGL,SELL,1,57.7099609375,57.6522509765625,0.0577099609375,-0.3262445235836313,234
2020-03-26,CAT,SELL,1,98.22409057617188,98.12586648559571,0.09822409057617187,-31.71440410668524,153
2020-03-26,MA,SELL,1,254.80018615722656,254.54538597106932,0.25480018615722655,-60.481486912420664,55
2020-03-27,GOOGL,SELL,1,55.09670639038086,55.04160968399048,0.05509670639038086,-2.9342725616085312,235
2020-04-09,MRK,SELL,1,65.13109364868491,65.06596255503622,0.06513109364868491,-5.202307065055277,126
2020-04-09,MSFT,SELL,1,158.38713338772783,158.2287462543401,0.15838713338772784,29.215015031945107,325
2020-04-14,AVGO,SELL,1,23.32829416357389,23.304965869410317,0.02332829416357389,5.3194784982224546,29
2020-04-17,GOOGL,SELL,1,63.60441823493848,63.54081381670354,0.06360441823493848,5.556423859259971,256
2020-04-17,CAT,SELL,1,102.66927108375972,102.56660181267597,0.10266927108375973,-27.278113960112567,175
2020-04-20,CVX,SELL,1,63.990481233722875,63.92649075248915,0.06399048123372288,4.015823347262562,39
2020-04-28,XOM,SELL,1,34.06420878184872,34.03014457306687,0.03406420878184872,2.3672456350561477,78
2020-04-29,IWM,SELL,1,124.66294354889993,124.53828060535103,0.12466294354889994,15.67645983076123,48
2020-04-30,DIS,SELL,1,107.64548106421852,107.53783558315429,0.10764548106421852,11.314884571056629,49
2020-05-01,BAC,SELL,1,20.307765840992193,20.2874580751512,0.020307765840992194,2.383261971845994,50
2020-05-28,JPM,SELL,1,88.71379689575657,88.62508309886081,0.08871379689575658,12.045231684959465,77
2020-05-29,BA,SELL,1,145.3000030517578,145.15470304870607,0.1453000030517578,-15.681125732421876,78
2020-05-29,KO,SELL,1,39.17274475097656,39.133572006225585,0.03917274475097656,-7.11558640713705,119
2020-07-07,COST,SELL,1,284.6853059106876,284.4006206047769,0.2846853059106876,1.7390192044916661,158
2020-10-06,QQQ,SELL,1,271.0442365912265,270.7731923546352,0.2710442365912265,84.05421162387853,354
2021-02-12,MA,SELL,1,332.2213576522265,331.8891362945743,0.33222135765222655,16.784842239589327,378
