date,ticker,action,price,shares,amount,cash_balance,total_value,strategy,momentum_score,confidence
2025-10-01,CASH,DEPOSIT,1.0,10000,10000.0,10000.0,10000.0,ml,,
2025-10-01,TTD,BUY,49.344659694671634,20,986.8931938934328,9013.106806106567,10000.0,ml,,
2025-10-01,DXCM,BUY,66.11304183197022,15,991.6956274795532,8021.411178627014,10000.0,ml,,
2025-10-01,DECK,BUY,101.23059030532836,9,911.0753127479552,7110.3358658790585,10000.0,ml,,
2025-10-01,PSKY,BUY,18.899444389343262,52,982.7711082458496,6127.5647576332085,10000.0,ml,,
2025-10-01,DOW,BUY,22.723943650245666,44,999.8535206108093,5127.7112370224,10000.0,ml,,
2025-10-01,WBD,BUY,19.359675381660463,51,987.3434444646836,4140.367792557716,10000.0,ml,,
2025-10-01,UAL,BUY,93.19657652664183,10,931.9657652664184,3208.4020272912976,10000.0,ml,,
2025-10-01,CCL,BUY,28.374180610656737,35,993.0963213729858,2215.305705918312,10000.0,ml,,
2025-10-01,KVUE,BUY,15.660649859905243,63,986.6209411740303,1228.6847647442817,10000.0,ml,,
2025-10-01,LYB,BUY,47.089470010757445,21,988.8788702259064,239.8058945183753,10000.0,ml,,
2025-10-02,ARES,BUY,150.68530561065674,6,904.1118336639404,863.789161681653,10108.459914827825,ml,,
2025-10-02,IT,BUY,257.35862599182127,3,772.0758779754638,1767.9009953455934,10108.459914827825,ml,,
2025-10-02,FDS,BUY,280.90264920043944,3,842.7079476013183,2539.976873321057,10108.459914827825,ml,,
2025-10-02,MOH,BUY,194.347125,5,971.735625,3382.684820922376,10108.459914827825,ml,,
2025-10-02,CHTR,BUY,269.74479034423825,3,809.2343710327148,4354.420445922376,10108.459914827825,ml,,
2025-10-02,PORTFOLIO,VALUE,1.0,0,0.0,0.0,10108.46,ml,,
2025-10-02,CCL,SELL,28.835575381279,35,1009.2451383447648,4157.197947093488,10108.459914827825,ml,,
2025-10-02,UAL,SELL,94.78258683013917,10,947.8258683013916,3147.9528087487224,10108.459914827825,ml,,
2025-10-02,DOW,SELL,23.33154814720153,44,1026.5881184768675,2200.1269404473305,10108.459914827825,ml,,
2025-10-02,DECK,SELL,103.74810305023192,9,933.7329274520874,1173.5388219704628,10108.459914827825,ml,,
2025-10-02,LYB,SELL,47.92651761245728,21,1006.4568698616029,5163.654816955091,10108.459914827825,ml,,
2025-10-03,CHTR,SELL,279.8700047607422,3,839.6100142822265,1703.3991759638795,10224.85984516096,ml,,
2025-10-03,MOH,SELL,201.8690162200928,5,1009.345081100464,2712.7442570643434,10224.85984516096,ml,,
2025-10-03,ARES,SELL,152.32379389953613,6,913.9427633972168,3626.68702046156,10224.85984516096,ml,,
2025-10-03,LULU,BUY,175.67779133605956,5,878.3889566802977,2748.2980637812625,10224.85984516096,ml,,
2025-10-03,SNPS,BUY,469.40459843444825,2,938.8091968688964,1809.488866912366,10224.85984516096,ml,,
2025-10-03,INTC,BUY,36.84841683197021,27,994.9072544631956,814.5816124491704,10224.85984516096,ml,,
2025-10-03,PORTFOLIO,VALUE,1.0,0,0.0,0.0,10224.86,ml,,
2025-10-06,DOW,BUY,23.088711819648744,44,1015.9033200645448,1139.940030935766,10222.81331430006,ml,,
2025-10-06,PORTFOLIO,VALUE,1.0,0,0.0,0.0,10222.81,ml,,
2025-10-06,WBD,SELL,19.070459923744203,51,972.5934561109544,1787.1750685601246,10222.81331430006,ml,,
2025-10-06,SNPS,SELL,477.9808912200928,2,955.9617824401856,2743.1368510003103,10222.81331430006,ml,,
2025-10-06,APP,BUY,587.2935,1,587.2935,2155.8433510003106,10222.81331430006,ml,,
2025-10-07,KVUE,SELL,16.010209884643555,63,1008.643222732544,2148.5832536683097,10211.96153819895,ml,,
2025-10-07,ORCL,BUY,283.88946290588376,3,851.6683887176513,661.0632407155043,10211.96153819895,ml,,
2025-10-07,SNPS,BUY,478.06890156555176,2,956.1378031311036,1512.7316294331556,10211.96153819895,ml,,
2025-10-07,PORTFOLIO,VALUE,1.0,0,0.0,0.0,10211.96,ml,,
2025-10-07,MOH,BUY,203.3616245040893,5,1016.8081225204468,3473.7716531739243,10211.96153819895,ml,,
2025-10-07,DOW,SELL,22.15955371856689,44,975.0203636169432,4490.579775694371,10211.96153819895,ml,,
2025-10-07,APP,SELL,631.5340505981445,1,631.5340505981445,3515.559412077428,10211.96153819895,ml,,
2025-10-07,IT,SELL,245.1473692703247,3,735.4421078109741,2884.025361479284,10211.96153819895,ml,,
2025-10-07,WBD,BUY,18.60930038166046,54,1004.9022206096648,2468.869432564259,10211.96153819895,ml,,
2025-10-08,DXCM,SELL,67.74610877990723,15,1016.1916316986084,1677.254872414113,10270.704941460132,ml,,
2025-10-08,FDS,SELL,280.2137353973389,3,840.6412061920166,2517.89607860613,10270.704941460132,ml,,
2025-10-08,INTC,SELL,37.41128530502319,27,1010.1047032356262,3528.000781841756,10270.704941460132,ml,,
2025-10-08,PORTFOLIO,VALUE,1.0,0,0.0,0.0,10270.7,ml,,
2025-10-08,ORCL,SELL,287.9859398803711,3,863.9578196411134,5370.189212200643,10270.704941460132,ml,,
2025-10-08,APP,BUY,630.0148622131347,1,630.0148622131347,4740.174349987508,10270.704941460132,ml,,
2025-10-08,IT,BUY,244.11200049591065,4,976.4480019836426,3763.7263480038655,10270.704941460132,ml,,
2025-10-08,STX,BUY,224.46218110656736,4,897.8487244262695,2865.877623577596,10270.704941460132,ml,,
2025-10-08,WDC,BUY,121.14318292236328,8,969.1454633789062,1896.7321601986896,10270.704941460132,ml,,
2025-10-08,SNPS,SELL,489.1153053588867,2,978.2306107177734,4506.23139255953,10270.704941460132,ml,,
2025-10-09,PORTFOLIO,VALUE,1.0,0,0.0,0.0,10158.3,ml,,
2025-10-09,DOW,BUY,21.76766664791107,46,1001.3126658039092,512.1479615616807,10158.3027359128,ml,,
2025-10-09,INTC,BUY,37.81889923667908,26,983.291380153656,1513.46062736559,10158.3027359128,ml,,
2025-10-09,APP,SELL,600.0198473205567,1,600.0198473205567,2496.752007519246,10158.3027359128,ml,,
2025-10-10,DOW,SELL,20.33754533290863,46,935.527085313797,5246.394709118367,9794.101208631992,ml,,
2025-10-10,BAX,BUY,21.94936183547973,44,965.7719207611084,4280.622788357259,9794.101208631992,ml,,
2025-10-10,HOOD,BUY,139.02948671722413,7,973.2064070205688,3307.4163813366904,9794.101208631992,ml,,
2025-10-10,APP,BUY,570.1749596557618,1,570.1749596557618,2737.2414216809284,9794.101208631992,ml,,
2025-10-10,TER,BUY,132.04626052093505,7,924.3238236465454,1812.917598034383,9794.101208631992,ml,,
2025-10-10,MOH,SELL,193.952978050232,5,969.7648902511596,3365.7204615616806,9794.101208631992,ml,,
2025-10-10,LULU,SELL,167.42623950958253,5,837.1311975479126,2395.955571310521,9794.101208631992,ml,,
2025-10-10,TTD,SELL,52.33382061004639,20,1046.6764122009276,1558.8243737626085,9794.101208631992,ml,,
2025-10-10,PORTFOLIO,VALUE,1.0,0,0.0,0.0,9794.1,ml,,
2025-10-10,INTC,SELL,36.35181393241882,26,945.1471622428894,4310.86762380457,9794.101208631992,ml,,
2025-10-13,SWK,BUY,63.773451753616335,15,956.601776304245,1708.7619753899612,9992.203810955523,ml,,
2025-10-13,PORTFOLIO,VALUE,1.0,0,0.0,0.0,9992.2,ml,,
2025-10-13,MOS,BUY,30.723743476867675,32,983.1597912597656,2665.3637516942063,9992.203810955523,ml,,
2025-10-13,COIN,BUY,357.1684852294922,2,714.3369704589844,5466.402090240958,9992.203810955523,ml,,
2025-10-13,LULU,BUY,169.93493110656738,5,849.6746555328368,4616.727434708122,9992.203810955523,ml,,
2025-10-13,STX,SELL,219.4002395095825,4,877.6009580383301,3671.467838512898,9992.203810955523,ml,,
2025-10-13,WDC,SELL,118.7051212272644,8,949.6409698181152,4621.108808331014,9992.203810955523,ml,,
2025-10-13,BAX,SELL,22.087259408950807,44,971.8394139938356,5592.94822232485,9992.203810955523,ml,,
2025-10-13,APP,SELL,589.8149303588867,1,589.8149303588867,6182.763152683737,9992.203810955523,ml,,
2025-10-13,TER,SELL,138.95543564605714,7,972.6880495224,7155.451202206137,9992.203810955523,ml,,
2025-10-13,TTD,BUY,51.300639026641846,19,974.712141506195,6180.739060699943,9992.203810955523,ml,,
2025-10-13,INTC,BUY,37.23861122131348,26,968.2038917541504,3648.523542953972,9992.203810955523,ml,,
2025-10-13,IT,SELL,245.2373206100464,4,980.9492824401856,2793.8668804745685,9992.203810955523,ml,,
2025-10-14,HOOD,SELL,134.88252194976806,7,944.1776536483763,2652.939629038337,9885.736184221749,ml,,
2025-10-14,INTC,SELL,35.61218606758118,26,925.9168377571108,3578.856466795448,9885.736184221749,ml,,
2025-10-14,APA,BUY,22.66767354011536,43,974.7099622249603,892.7214075474775,9885.736184221749,ml,,
2025-10-14,SWK,SELL,66.20909690856934,15,993.13645362854,4571.992920423988,9885.736184221749,ml,,
2025-10-14,SMCI,BUY,53.136555610656735,18,956.4580009918212,3615.534919432167,9885.736184221749,ml,,
2025-10-14,ALB,BUY,96.2881178627014,10,962.8811786270142,2652.6537408051527,9885.736184221749,ml,,
2025-10-14,PORTFOLIO,VALUE,1.0,0,0.0,0.0,9885.74,ml,,
2025-10-14,HUM,BUY,261.7407903442383,3,785.2223710327148,1867.4313697724376,9885.736184221749,ml,,
2025-10-15,ALB,SELL,98.11092366027832,10,981.1092366027832,2869.632535328392,9946.2847124486,ml,,
2025-10-15,APA,SELL,22.97120137214661,43,987.761659002304,3857.394194330696,9946.2847124486,ml,,
2025-10-15,SNPS,BUY,436.1179438934326,2,872.2358877868652,2985.158306543831,9946.2847124486,ml,,
2025-10-15,ALGN,BUY,128.49420767211913,7,899.4594537048339,2085.698852838997,9946.2847124486,ml,,
2025-10-15,HOOD,BUY,134.2170688934326,7,939.5194822540284,1146.1793705849686,9946.2847124486,ml,,
2025-10-15,WBD,SELL,18.440775762557983,54,995.8018911781312,1888.5232987256088,9946.2847124486,ml,,
2025-10-15,PORTFOLIO,VALUE,1.0,0,0.0,0.0,9946.28,ml,,
2025-10-16,DELL,BUY,150.84816776275636,6,905.0890065765382,919.2614556222009,9870.201457682137,ml,,
2025-10-16,ALB,BUY,95.3376459159851,10,953.376459159851,1824.350462198739,9870.201457682137,ml,,
2025-10-16,PYPL,BUY,65.93061576461793,14,923.028620704651,2777.72692135859,9870.201457682137,ml,,
2025-10-16,HPE,BUY,22.51125,43,967.98375,3700.755542063241,9870.201457682137,ml,,
2025-10-16,ALGN,SELL,129.7750763397217,7,908.425534378052,4668.739292063241,9870.201457682137,ml,,
2025-10-16,HUM,SELL,267.14635877990725,3,801.4390763397217,2880.353933283333,9870.201457682137,ml,,
2025-10-16,MOS,SELL,29.14798394870758,32,932.7354863586426,2078.914856943611,9870.201457682137,ml,,
2025-10-16,PORTFOLIO,VALUE,1.0,0,0.0,0.0,9870.2,ml,,
2025-10-16,SNPS,SELL,439.9799122009277,2,879.9598244018555,3760.3137576851886,9870.201457682137,ml,,
2025-10-17,PORTFOLIO,VALUE,1.0,0,0.0,0.0,9849.22,ml,,
2025-10-17,HPE,SELL,22.94851908493042,43,986.7863206520082,2577.751734312539,9849.218185511116,ml,,
2025-10-17,MRNA,BUY,26.02300522899628,37,962.8511934728622,753.5724256205608,9849.218185511116,ml,,
2025-10-17,ANET,BUY,143.17155610656738,6,859.0293366394043,1716.423619093423,9849.218185511116,ml,,
2025-10-17,IT,BUY,235.8478607254028,4,943.3914429016112,2575.4529557328274,9849.218185511116,ml,,
2025-10-17,PYPL,SELL,67.22090459442138,14,941.0926643218994,3518.8443986344387,9849.218185511116,ml,,
2025-10-17,COIN,SELL,335.851979019165,2,671.70395803833,1590.9654136605309,9849.218185511116,ml,,
2025-10-20,FFIV,BUY,296.64825,3,889.9447500000001,4374.545723761086,10128.077344672683,ml,,
2025-10-20,HOOD,SELL,135.73210305023193,7,950.1247213516236,4438.678939944749,10128.077344672683,ml,,
2025-10-20,SMCI,SELL,55.01248091506958,18,990.2246564712524,3488.554218593126,10128.077344672683,ml,,
2025-10-20,LULU,SELL,172.34377767944335,5,861.7188883972167,2498.329562121873,10128.077344672683,ml,,
2025-10-20,PSKY,SELL,16.981504771232604,52,883.0382481040954,1636.6106737246562,10128.077344672683,ml,,
2025-10-20,AES,BUY,14.22633835887909,71,1010.0700234804154,5264.490473761087,10128.077344672683,ml,,
2025-10-20,PORTFOLIO,VALUE,1.0,0,0.0,0.0,10128.08,ml,,
2025-10-20,IT,SELL,239.3602557296753,4,957.4410229187012,5396.11996286345,10128.077344672683,ml,,
2025-10-20,ANET,SELL,146.4067557296753,6,878.4405343780518,6274.560497241502,10128.077344672683,ml,,
2025-10-20,APA,BUY,22.252115904808043,45,1001.345215716362,3373.2005080447243,10128.077344672683,ml,,
2025-10-20,CEG,BUY,369.76071569824217,2,739.5214313964843,2633.67907664824,10128.077344672683,ml,,
2025-10-20,WDC,BUY,121.49307396697998,8,971.9445917358398,1661.7344849124,10128.077344672683,ml,,
2025-10-21,GEV,BUY,585.6226820983886,1,585.6226820983886,5168.2723087530185,10107.0181410327,ml,,
2025-10-21,ALB,SELL,91.29432633972168,10,912.9432633972168,2574.677748309617,10107.0181410327,ml,,
2025-10-21,DELL,SELL,149.35527767944336,6,896.1316660766602,3470.809414386277,10107.0181410327,ml,,
2025-10-21,MRNA,SELL,27.476254771232604,37,1016.6214265356064,4487.430840921884,10107.0181410327,ml,,
2025-10-21,AES,SELL,14.133162923336029,71,1003.454567556858,5490.885408478742,10107.0181410327,ml,,
2025-10-21,FFIV,SELL,299.0603864593506,3,897.1811593780517,6388.066567856793,10107.0181410327,ml,,
2025-10-21,APA,SELL,22.3188349237442,45,1004.3475715684892,7392.414139425282,10107.0181410327,ml,,
2025-10-21,WDC,SELL,121.25180562210085,8,970.0144449768068,8362.428584402089,10107.0181410327,ml,,
2025-10-21,PORTFOLIO,VALUE,1.0,0,0.0,0.0,10107.02,ml,,
2025-10-21,PSKY,BUY,16.518255228996278,61,1007.6135689687728,5753.894990851407,10107.0181410327,ml,,
2025-10-21,COIN,BUY,338.78930511474607,2,677.5786102294921,7684.849974172596,10107.0181410327,ml,,
2025-10-21,HOOD,BUY,131.90591633605956,7,923.3414143524168,6761.50855982018,10107.0181410327,ml,,
2025-10-21,KVUE,BUY,14.751640551567078,68,1003.1115575065612,1344.2549934148828,10107.0181410327,ml,,
2025-10-21,SMCI,BUY,54.84740969467163,18,987.2533745040894,2347.3665509214443,10107.0181410327,ml,,
2025-10-21,ORCL,BUY,275.2875688934326,3,825.8627066802978,3334.619925425534,10107.0181410327,ml,,
2025-10-21,DOW,BUY,21.44233354568481,47,1007.7896766471864,4160.482632105832,10107.0181410327,ml,,
2025-10-22,ALB,BUY,91.31563164138794,10,913.1563164138794,1183.7309142980623,9973.473247504238,ml,,
2025-10-22,PORTFOLIO,VALUE,1.0,0,0.0,0.0,9973.47,ml,,
2025-10-22,VST,BUY,185.9229168319702,5,929.6145841598512,2096.887230711942,9973.473247504238,ml,,
2025-10-22,UAL,BUY,96.31813164138794,10,963.1813164138794,3026.5018148717927,9973.473247504238,ml,,
2025-10-22,WDC,BUY,120.43340132904052,8,963.4672106323242,3989.683131285672,9973.473247504238,ml,,
2025-10-22,KVUE,SELL,14.993532312870023,68,1019.5601972751616,4953.150341917996,9973.473247504238,ml,,
2025-10-22,DOW,SELL,21.37165974617004,47,1004.468008069992,2989.062644642834,9973.473247504238,ml,,
2025-10-22,COIN,SELL,320.1698215789795,2,640.339643157959,1984.5946365728416,9973.473247504238,ml,,
2025-10-22,SMCI,SELL,52.47375,18,944.5275,3933.590144642834,9973.473247504238,ml,,
2025-10-23,PORTFOLIO,VALUE,1.0,0,0.0,0.0,10215.5,ml,,
2025-10-23,MOH,BUY,161.0805,6,966.483,5416.270561430936,10215.504376593595,ml,,
2025-10-23,AMD,BUY,235.10750049591064,4,940.4300019836426,2493.2148772077617,10215.504376593595,ml,,
2025-10-23,CEG,SELL,365.1980469360352,2,730.3960938720703,1914.1270081701327,10215.504376593595,ml,,
2025-10-23,HOOD,SELL,134.26283683013915,7,939.839857810974,2853.966865981107,10215.504376593595,ml,,
2025-10-23,GEV,SELL,594.8524494018554,1,594.8524494018554,3448.8193153829625,10215.504376593595,ml,,
2025-10-23,WDC,SELL,125.55618616867064,8,1004.4494893493652,4453.268804732328,10215.504376593595,ml,,
2025-10-23,VST,SELL,191.2743101196289,5,956.3715505981444,5409.640355330473,10215.504376593595,ml,,
2025-10-23,ALB,SELL,97.31132061004638,10,973.1132061004638,6382.753561430936,10215.504376593595,ml,,
2025-10-23,KVUE,BUY,14.909728131294251,68,1013.8615129280092,4402.409048502927,10215.504376593595,ml,,
2025-10-23,ON,BUY,51.80588877868652,19,984.311886795044,510.90424041271774,10215.504376593595,ml,,
2025-10-23,MRNA,BUY,26.263125,38,997.99875,1495.2161272077617,10215.504376593595,ml,,
2025-10-23,COIN,BUY,322.9213897705078,3,968.7641693115232,3433.644879191404,10215.504376593595,ml,,
2025-10-24,PORTFOLIO,VALUE,1.0,0,0.0,0.0,10403.82,ml,,
2025-10-24,MCHP,BUY,62.63661882019043,16,1002.1859011230468,4440.521097989088,10403.81507758618,ml,,
2025-10-24,ORCL,SELL,283.18832157897947,3,849.5649647369385,1360.4692051496563,10403.81507758618,ml,,
2025-10-24,UAL,SELL,99.26034255981445,10,992.6034255981444,2353.0726307478008,10403.81507758618,ml,,
2025-10-24,COIN,SELL,354.2827614593506,3,1062.8482843780516,3415.9209151258524,10403.81507758618,ml,,
2025-10-24,AMD,SELL,252.79353816986085,4,1011.1741526794434,4427.095067805296,10403.81507758618,ml,,
2025-10-24,SMCI,BUY,48.31414591598511,21,1014.5970642356872,957.0492220468578,10403.81507758618,ml,,
2025-10-24,TPL,BUY,927.3744051818848,1,927.3744051818848,1971.646286282545,10403.81507758618,ml,,
2025-10-24,GEV,BUY,584.6822096557618,1,584.6822096557618,2899.02069146443,10403.81507758618,ml,,
2025-10-24,DECK,BUY,86.98347244262695,11,956.8181968688964,3483.702901120192,10403.81507758618,ml,,
2025-10-24,MRNA,SELL,26.72662977123261,38,1015.611931306839,5442.706999112135,10403.81507758618,ml,,
2025-10-27,PORTFOLIO,VALUE,1.0,0,0.0,0.0,10586.93,ml,,
2025-10-27,SMCI,SELL,51.54421469497681,21,1082.428508594513,6578.7842048883485,10586.929825837142,ml,,
2025-10-27,UAL,BUY,98.8494030532837,10,988.494030532837,2691.9416464967776,10586.929825837142,ml,,
2025-10-27,PSKY,SELL,16.561714694976807,61,1010.2645963935852,1967.313818440443,10586.929825837142,ml,,
2025-10-27,MCHP,SELL,63.94099782180786,16,1023.0559651489258,2990.3697835893686,10586.929825837142,ml,,
2025-10-27,DECK,SELL,90.42476622009278,11,994.6724284210204,3985.042212010389,10586.929825837142,ml,,
2025-10-27,GEV,SELL,584.0978196411132,1,584.0978196411132,4569.140031651502,10586.929825837142,ml,,
2025-10-27,TPL,SELL,927.215664642334,1,927.215664642334,5496.355696293836,10586.929825837142,ml,,
2025-10-27,LULU,BUY,181.48069438934328,5,907.4034719467164,5671.380732941632,10586.929825837142,ml,,
2025-10-27,ALB,BUY,96.27811835861206,10,962.7811835861206,4708.599549355512,10586.929825837142,ml,,
2025-10-27,CNC,BUY,33.16657652664185,31,1028.1638723258973,3680.435677029616,10586.929825837142,ml,,
2025-10-27,FCX,BUY,41.12054847335816,25,1028.013711833954,1663.9279346628236,10586.929825837142,ml,,
2025-10-27,ORCL,BUY,281.5406938934326,3,844.6220816802978,819.3058529825258,10586.929825837142,ml,,
2025-10-28,DECK,BUY,87.65380561065673,11,964.191861717224,4540.609991349226,10453.411153885843,ml,,
2025-10-28,ORCL,SELL,280.6895715789795,3,842.0687147369385,5504.80185306645,10453.411153885843,ml,,
2025-10-28,FCX,SELL,41.14941316986084,25,1028.7353292465211,4662.733138329511,10453.411153885843,ml,,
2025-10-28,GEV,BUY,571.2654704589844,1,571.2654704589844,2961.8010228738844,10453.411153885843,ml,,
2025-10-28,LULU,SELL,179.8900057296753,5,899.4500286483765,1718.7558816309024,10453.411153885843,ml,,
2025-10-28,PORTFOLIO,VALUE,1.0,0,0.0,0.0,10453.41,ml,,
2025-10-28,ALB,SELL,96.6316603050232,10,966.3166030502318,2685.0724846811345,10453.411153885843,ml,,
2025-10-28,ARE,BUY,62.971468626022336,16,1007.5434980163574,3533.066493332869,10453.411153885843,ml,,
2025-10-28,UAL,SELL,94.89253244018556,10,948.9253244018556,3633.99780908299,10453.411153885843,ml,,
2025-10-28,URI,BUY,874.2736493225098,1,874.2736493225098,1172.3399975595537,10453.411153885843,ml,,
2025-10-28,EG,BUY,305.06245866394045,3,915.1873759918212,2046.6136468820632,10453.411153885843,ml,,
2025-10-29,BRO,BUY,80.17233694839477,12,962.0680433807372,1173.1368957223951,10416.05167892552,ml,,
2025-10-29,SMCI,BUY,52.716343626022336,19,1001.6105288944244,2135.2049391031323,10416.05167892552,ml,,
2025-10-29,FISV,BUY,70.63529847335815,14,988.894178627014,3136.815467997557,10416.05167892552,ml,,
2025-10-29,URI,SELL,868.522552734375,1,868.522552734375,4125.709646624571,10416.05167892552,ml,,
2025-10-29,PORTFOLIO,VALUE,1.0,0,0.0,0.0,10416.05,ml,,
2025-10-29,EG,SELL,309.29528720092776,3,927.8858616027832,3257.187093890196,10416.05167892552,ml,,
2025-10-29,CNC,SELL,37.3213301525116,31,1156.9612347278596,2329.301232287413,10416.05167892552,ml,,
2025-10-30,CI,BUY,245.8425711593628,4,983.3702846374512,3451.0602245016166,10131.444211548813,ml,,
2025-10-30,CMG,BUY,32.54626377868652,31,1008.9341771392822,4434.430509139068,10131.444211548813,ml,,
2025-10-30,BAX,BUY,19.159442945480347,52,996.291033164978,5443.36468627835,10131.444211548813,ml,,
2025-10-30,BRO,SELL,80.24181092834473,12,962.9017311401368,6439.655719443328,10131.444211548813,ml,,
2025-10-30,SW,BUY,36.05802091598511,28,1009.6245856475832,886.4785561819141,10131.444211548813,ml,,
2025-10-30,SMCI,SELL,50.34481393241882,19,956.5514647159576,5476.753988303191,10131.444211548813,ml,,
2025-10-30,GEV,SELL,573.7829723205566,1,573.7829723205566,4520.202523587233,10131.444211548813,ml,,
2025-10-30,PORTFOLIO,VALUE,1.0,0,0.0,0.0,10131.44,ml,,
2025-10-30,ON,SELL,50.82457347488403,19,965.6668960227968,3044.950528347976,10131.444211548813,ml,,
2025-10-30,FFIV,BUY,256.81834744262693,3,770.4550423278808,2680.605182173736,10131.444211548813,ml,,
2025-10-30,ZBRA,BUY,261.5006801147461,3,784.5020403442384,1896.1031418294967,10131.444211548813,ml,,
2025-10-30,ARE,SELL,56.34181393241882,16,901.4690229187012,3946.419551266677,10131.444211548813,ml,,
2025-10-30,MOH,SELL,151.02445610046388,6,906.1467366027832,2079.2836323251786,10131.444211548813,ml,,
2025-10-31,ORCL,BUY,262.7412903442383,3,788.2238710327149,4731.445629453666,10152.123501326569,ml,,
2025-10-31,DECK,SELL,81.45925,11,896.05175,1782.530306181914,10152.123501326569,ml,,
2025-10-31,FISV,SELL,66.65665744018554,14,933.1932041625976,2715.723510344512,10152.123501326569,ml,,
2025-10-31,CMG,SELL,31.67415553379059,31,981.8988215475084,3697.62233189202,10152.123501326569,ml,,
2025-10-31,CI,SELL,242.9232164001465,4,971.692865600586,4669.315197492606,10152.123501326569,ml,,
2025-10-31,ZBRA,SELL,269.115375,3,807.3461249999999,5476.661322492606,10152.123501326569,ml,,
2025-10-31,SW,SELL,36.90153816986084,28,1033.2430687561036,6509.9043912487095,10152.123501326569,ml,,
2025-10-31,DXCM,BUY,58.24911122131348,17,990.2348907623292,5519.6695004863805,10152.123501326569,ml,,
2025-10-31,PORTFOLIO,VALUE,1.0,0,0.0,0.0,10152.12,ml,,
2025-10-31,GRMN,BUY,214.04697244262687,4,856.1878897705078,3875.257739683158,10152.123501326569,ml,,
2025-10-31,MPWR,BUY,1005.5025,1,1005.5025,2869.755239683158,10152.123501326569,ml,,
2025-10-31,MO,BUY,56.408191068649295,17,958.939248167038,1910.81599151612,10152.123501326569,ml,,
2025-10-31,MRNA,BUY,27.173579847335816,37,1005.4224543514252,905.3935371646947,10152.123501326569,ml,,
2025-11-03,KVUE,SELL,15.931245099067688,68,1083.3246667366027,2921.531543617255,10148.08923113442,ml,,
2025-11-03,IP,BUY,36.4969686126709,27,985.4181525421144,3095.5984817256985,10148.08923113442,ml,,
2025-11-03,DXCM,SELL,60.3997853050232,17,1026.7963501853942,3948.327893802649,10148.08923113442,ml,,
2025-11-03,TTD,SELL,49.09543893241882,19,932.8133397159576,1838.2068768806523,10148.08923113442,ml,,
2025-11-03,MPWR,SELL,1003.4280276794434,1,1003.4280276794434,4951.755921482092,10148.08923113442,ml,,
2025-11-03,MO,SELL,56.64166316986084,17,962.9082738876344,5914.664195369726,10148.08923113442,ml,,
2025-11-03,MRNA,SELL,24.897544847488405,37,921.209159357071,6835.8733547267975,10148.08923113442,ml,,
2025-11-03,CHTR,BUY,222.3110969467163,4,889.2443877868652,5946.628966939932,10148.08923113442,ml,,
2025-11-03,PORTFOLIO,VALUE,1.0,0,0.0,0.0,10148.09,ml,,
2025-11-03,AJG,BUY,242.45759399414064,4,969.8303759765626,2125.768105749136,10148.08923113442,ml,,
2025-11-03,RCL,BUY,277.9388877868652,3,833.8166633605956,1291.9514423885405,10148.08923113442,ml,,
2025-11-03,GNRC,BUY,163.831875,6,982.99125,4081.016634267813,10148.08923113442,ml,,
2025-11-03,MOH,BUY,147.10351377868653,6,882.6210826721192,5064.007884267813,10148.08923113442,ml,,
2025-11-04,FFIV,SELL,241.2593148803711,3,723.7779446411133,2015.7293870296533,9999.439227727897,ml,,
2025-11-04,CHTR,SELL,220.7995486602784,4,883.1981946411133,2898.927581670767,9999.439227727897,ml,,
2025-11-04,MOH,SELL,151.61415744018555,6,909.6849446411134,3808.61252631188,9999.439227727897,ml,,
2025-11-04,META,BUY,627.6336673278809,1,627.6336673278809,5159.180334005361,9999.439227727897,ml,,
2025-11-04,NCLH,BUY,18.79939591598511,53,996.3679835472108,4162.812350458151,9999.439227727897,ml,,
2025-11-04,COIN,BUY,307.47366732788083,3,922.4210019836426,3240.391348474508,9999.439227727897,ml,,
2025-11-04,LULU,BUY,160.74033366394042,6,964.4420019836424,2275.949346490865,9999.439227727897,ml,,
2025-11-04,MRNA,BUY,23.761875,42,997.99875,1277.9505964908656,9999.439227727897,ml,,
2025-11-04,PORTFOLIO,VALUE,1.0,0,0.0,0.0,9999.44,ml,,
2025-11-04,IP,SELL,36.09519410705566,27,974.5702408905028,4783.182767202383,9999.439227727897,ml,,
2025-11-04,AJG,SELL,250.90780853271485,4,1003.6312341308594,5786.814001333242,9999.439227727897,ml,,
2025-11-05,RCL,SELL,256.5016898803711,3,769.5050696411133,3823.56710512734,10083.916916528708,ml,,
2025-11-05,SMCI,BUY,42.05101377868653,23,967.17331690979,2011.844542488104,10083.916916528708,ml,,
2025-11-05,FISV,BUY,64.032,15,960.48,2979.017859397894,10083.916916528708,ml,,
2025-11-05,AXON,BUY,639.8497943115234,1,639.8497943115234,3939.497859397894,10083.916916528708,ml,,
2025-11-05,ANET,BUY,140.4902081680298,7,983.4314571762086,4579.3476537094175,10083.916916528708,ml,,
2025-11-05,DXCM,BUY,59.30963877868653,16,948.9542204589844,5562.779110885626,10083.916916528708,ml,,
2025-11-05,MOH,BUY,149.824875,6,898.9492499999999,6511.733331344611,10083.916916528708,ml,,
2025-11-05,MRNA,SELL,23.54821946620941,42,989.0252175807952,7410.68258134461,10083.916916528708,ml,,
2025-11-05,LULU,SELL,167.50620133972168,6,1005.0372080383302,6421.657363763815,10083.916916528708,ml,,
2025-11-05,COIN,SELL,319.14033779907226,3,957.4210133972168,5416.620155725484,10083.916916528708,ml,,
2025-11-05,META,SELL,635.6320372009277,1,635.6320372009277,4459.199142328268,10083.916916528708,ml,,
2025-11-05,PORTFOLIO,VALUE,1.0,0,0.0,0.0,10083.92,ml,,
2025-11-05,GNRC,SELL,159.10040267944336,6,954.60241607666,3054.0620354862267,10083.916916528708,ml,,
2025-11-05,GRMN,SELL,205.37725572967528,4,821.5090229187011,2099.4596194095666,10083.916916528708,ml,,
2025-11-05,SNPS,BUY,409.3145403442383,2,818.6290806884765,1193.2154617996273,10083.916916528708,ml,,
2025-11-06,PORTFOLIO,VALUE,1.0,0,0.0,0.0,9806.67,ml,,
2025-11-06,GNRC,BUY,153.86688828277588,6,923.2013296966552,3754.9963323707634,9806.671083518988,ml,,
2025-11-06,BAX,SELL,17.961506163597107,52,933.9983205070496,2127.213782306677,9806.671083518988,ml,,
2025-11-06,ORCL,SELL,243.67810305023195,3,731.0343091506958,2858.2480914573725,9806.671083518988,ml,,
2025-11-06,MOH,SELL,147.0464351196289,6,882.2786107177735,3740.526702175146,9806.671083518988,ml,,
2025-11-06,ANET,SELL,133.9529942703247,7,937.6709598922728,4678.197662067419,9806.671083518988,ml,,
2025-11-06,POOL,BUY,247.2727750396729,3,741.8183251190186,3013.178007251745,9806.671083518988,ml,,
2025-11-06,DASH,BUY,196.55823671722413,4,786.2329468688965,2226.945060382848,9806.671083518988,ml,,
2025-11-06,COIN,BUY,295.3676112213135,3,886.1028336639405,1340.8422267189076,9806.671083518988,ml,,
2025-11-07,PORTFOLIO,VALUE,1.0,0,0.0,0.0,9919.62,ml,,
2025-11-07,PAYC,BUY,161.8558508605957,6,971.1351051635742,2391.168222747808,9919.616076206212,ml,,
2025-11-07,SWKS,BUY,68.83222758865357,14,963.65118624115,3362.3033279113824,9919.616076206212,ml,,
2025-11-07,EL,BUY,87.4659370651245,11,962.1253077163695,4325.954514152532,9919.616076206212,ml,,
2025-11-07,XYZ,BUY,65.48272194671631,15,982.2408292007448,5288.0798218689015,9919.616076206212,ml,,
2025-11-07,TTD,BUY,43.0215,23,989.4945,6270.320651069646,9919.616076206212,ml,,
2025-11-07,AXON,SELL,602.2087547607422,1,602.2087547607422,3832.8156103134206,9919.616076206212,ml,,
2025-11-07,POOL,SELL,250.64591561889648,3,751.9377468566895,5516.027446907048,9919.616076206212,ml,,
2025-11-07,GNRC,SELL,155.21234828948974,6,931.2740897369384,4764.089700050359,9919.616076206212,ml,,
2025-11-07,ORCL,BUY,239.3796245040893,4,957.5184980163574,1433.6497247314508,9919.616076206212,ml,,
2025-11-07,DXCM,SELL,54.9725,16,879.56,3230.6068555526786,9919.616076206212,ml,,
2025-11-07,NCLH,SELL,19.060464694976808,53,1010.2046288337708,2351.0468555526786,9919.616076206212,ml,,
2025-11-07,DASH,SELL,204.20784255981445,4,816.8313702392578,6332.858817146306,9919.616076206212,ml,,
2025-11-07,MRNA,BUY,24.55227091598511,40,982.0908366394044,451.55888809204646,9919.616076206212,ml,,
2025-11-07,COIN,SELL,308.9854446411133,3,926.95633392334,7259.815151069646,9919.616076206212,ml,,
2025-11-10,MCHP,BUY,54.94214163780212,18,988.9585494804384,4330.587685163504,10022.4265600586,ml,,
2025-11-10,AXON,BUY,584.982347442627,1,584.982347442627,811.6868277196946,10022.4265600586,ml,,
2025-11-10,DELL,BUY,142.76134744262694,7,999.3294320983886,1396.6691751623216,10022.4265600586,ml,,
2025-11-10,HUM,BUY,238.53920816802977,4,954.1568326721192,3376.430852491385,10022.4265600586,ml,,
2025-11-10,SMCI,SELL,40.16990362739563,23,923.9077834300996,1375.466671522146,10022.4265600586,ml,,
2025-11-10,XYZ,SELL,66.76660305023194,15,1001.4990457534792,2376.965717275625,10022.4265600586,ml,,
2025-11-10,DOW,BUY,21.78738322734833,45,980.4322452306748,2395.9986072607103,10022.4265600586,ml,,
2025-11-10,PAYC,SELL,166.33100798034667,6,997.98604788208,4356.707887323385,10022.4265600586,ml,,
2025-11-10,ORCL,SELL,240.7095868301392,4,962.8383473205566,5319.546234643942,10022.4265600586,ml,,
2025-11-10,PORTFOLIO,VALUE,1.0,0,0.0,0.0,10022.43,ml,,
2025-11-10,EL,SELL,89.25055656051636,11,981.75612216568,3358.721839441305,10022.4265600586,ml,,
2025-11-11,SMCI,BUY,38.83940969467163,25,970.9852423667908,2856.4048053751058,10075.462182105071,ml,,
2025-11-11,PORTFOLIO,VALUE,1.0,0,0.0,0.0,10075.46,ml,,
2025-11-11,TTD,SELL,44.17790076255798,23,1016.0917175388336,1827.778545258528,10075.462182105071,ml,,
2025-11-11,MRNA,SELL,26.396794847488405,40,1055.8717938995362,2883.6503391580645,10075.462182105071,ml,,
2025-11-11,MCHP,SELL,54.19383297920227,18,975.4889936256408,3859.1393327837054,10075.462182105071,ml,,
2025-11-11,HUM,SELL,243.3482662200928,4,973.3930648803712,4832.532397664077,10075.462182105071,ml,,
2025-11-11,HOOD,BUY,131.99595767211915,7,923.971703704834,1019.9470573587482,10075.462182105071,ml,,
2025-11-11,COIN,BUY,304.1620147705078,3,912.4860443115236,1943.9187610635825,10075.462182105071,ml,,
2025-11-11,MOH,BUY,143.59176427459718,7,1005.1423499221804,3827.390047741897,10075.462182105071,ml,,
2025-11-12,PORTFOLIO,VALUE,1.0,0,0.0,0.0,10058.77,ml,,
2025-11-12,DELL,SELL,140.63965171051026,7,984.4775619735718,3784.643630284316,10058.765138260847,ml,,
2025-11-12,HOOD,SELL,132.91350572967528,7,930.3945401077268,4715.038170392043,10058.765138260847,ml,,
2025-11-12,ARE,BUY,53.80688877868652,16,860.9102204589843,3854.1279499330585,10058.765138260847,ml,,
2025-11-12,STX,BUY,283.4016397705078,3,850.2049193115234,3003.923030621535,10058.765138260847,ml,,
2025-11-12,VST,BUY,178.35913927459717,5,891.7956963729858,2112.127334248549,10058.765138260847,ml,,
2025-11-12,ORCL,BUY,227.10350049591065,4,908.4140019836426,1203.7133322649065,10058.765138260847,ml,,
2025-11-12,SNPS,SELL,398.6105925598145,2,797.2211851196289,1817.168242478377,10058.765138260847,ml,,
2025-11-12,DOW,SELL,21.84439612960816,45,982.9978258323667,2800.166068310744,10058.765138260847,ml,,
2025-11-13,PORTFOLIO,VALUE,1.0,0,0.0,0.0,9720.23,ml,,
2025-11-13,AXON,SELL,557.0113330383301,1,557.0113330383301,1760.7246653032366,9720.23485097218,ml,,
2025-11-13,SW,BUY,35.09754183197021,27,947.6336294631956,1635.5472725706168,9720.23485097218,ml,,
2025-11-13,MOH,SELL,138.4107557296753,7,968.875290107727,2729.5999554109635,9720.23485097218,ml,,
2025-11-13,COIN,SELL,282.9984446411133,3,848.9953339233398,3578.595289334304,9720.23485097218,ml,,
2025-11-13,STX,SELL,262.42871755981446,3,787.2861526794434,4365.881442013747,9720.23485097218,ml,,
2025-11-13,TER,BUY,169.5466602859497,5,847.7333014297485,3518.1481405839986,9720.23485097218,ml,,
2025-11-13,XYZ,BUY,62.331149236679074,15,934.9672385501862,2583.1809020338123,9720.23485097218,ml,,
2025-11-13,DELL,BUY,134.00697244262696,7,938.0488070983888,697.4984654722281,9720.23485097218,ml,,
2025-11-14,SWKS,SELL,65.81840032577514,14,921.457604560852,1618.95607003308,9701.265208178527,ml,,
2025-11-14,SMCI,SELL,36.40178816986084,25,910.044704246521,2529.000774279601,9701.265208178527,ml,,
2025-11-14,VST,SELL,174.60265744018554,5,873.0132872009277,3402.0140614805287,9701.265208178527,ml,,
2025-11-14,ORCL,SELL,222.73858110046388,4,890.9543244018555,4292.968385882385,9701.265208178527,ml,,
2025-11-14,MRNA,BUY,24.78238545799256,39,966.5130328617096,2768.4764908075404,9701.265208178527,ml,,
2025-11-14,AXON,BUY,554.6471801147461,1,554.6471801147461,2213.829310692794,9701.265208178527,ml,,
2025-11-14,COIN,BUY,284.142,3,852.4259999999999,1361.403310692794,9701.265208178527,ml,,
2025-11-14,APP,BUY,557.9788622131348,1,557.9788622131348,3734.98952366925,9701.265208178527,ml,,
2025-11-14,PORTFOLIO,VALUE,1.0,0,0.0,0.0,9701.27,ml,,
2025-11-17,XYZ,SELL,58.86055438995361,15,882.9083158493042,3057.3449089822834,9448.451175606737,ml,,
2025-11-17,EXPE,BUY,243.87494355010983,3,731.6248306503296,3241.102108918197,9448.451175606737,ml,,
2025-11-17,SMCI,BUY,34.11704847335815,27,921.16030878067,2319.9418001375266,9448.451175606737,ml,,
2025-11-17,HOOD,BUY,116.02798622131348,8,928.223889770508,1391.7179103670187,9448.451175606737,ml,,
2025-11-17,PORTFOLIO,VALUE,1.0,0,0.0,0.0,9448.45,ml,,
2025-11-17,ARE,SELL,50.8145801525116,16,813.0332824401855,2174.4365931329794,9448.451175606737,ml,,
2025-11-17,SW,SELL,33.90303816986084,27,915.3820305862428,3972.726939568526,9448.451175606737,ml,,
2025-11-18,PORTFOLIO,VALUE,1.0,0,0.0,0.0,9381.16,ml,,
2025-11-18,WDC,BUY,152.81356647491455,6,916.8813988494874,1695.2385791482996,9381.15994413472,ml,,
2025-11-18,TER,SELL,163.5145763244629,5,817.5728816223145,2209.290791989333,9381.15994413472,ml,,
2025-11-18,DELL,SELL,122.62865744018556,7,858.4006020812989,3067.691394070632,9381.15994413472,ml,,
2025-11-18,AXON,SELL,533.5031345214844,1,533.5031345214844,3601.1945285921165,9381.15994413472,ml,,
2025-11-18,EXPE,SELL,239.48020610046387,3,718.4406183013916,4319.635146893508,9381.15994413472,ml,,
2025-11-18,SMCI,SELL,34.882551525115964,27,941.828891178131,5261.464038071639,9381.15994413472,ml,,
2025-11-18,ANET,BUY,123.5117219467163,7,864.5820536270141,4396.881984444625,9381.15994413472,ml,,
2025-11-18,INTC,BUY,34.34716683197021,27,927.3735044631958,3469.508479981429,9381.15994413472,ml,,
2025-11-18,PLTR,BUY,167.4136668319702,5,837.068334159851,858.1702449884485,9381.15994413472,ml,,
2025-11-18,MPWR,BUY,857.3885019836425,1,857.3885019836425,2612.119977997787,9381.15994413472,ml,,
2025-11-19,PORTFOLIO,VALUE,1.0,0,0.0,0.0,9422.41,ml,,
2025-11-19,FISV,SELL,61.13941316986084,15,917.0911975479124,1775.261442536361,9422.408076104171,ml,,
2025-11-19,HOOD,SELL,118.10092366027833,8,944.8073892822266,2720.068831818588,9422.408076104171,ml,,
2025-11-19,SMCI,BUY,33.746864542007444,27,911.165342634201,1162.730876667984,9422.408076104171,ml,,
2025-11-19,DELL,BUY,119.43968725204468,7,836.0778107643127,2968.54333151532,9422.408076104171,ml,,
2025-11-19,FSLR,BUY,251.9959301147461,3,755.9877903442383,3804.621142279632,9422.408076104171,ml,,
2025-11-19,BLDR,BUY,95.797875,9,862.180875,4560.608932623871,9422.408076104171,ml,,
2025-11-19,AMD,BUY,223.66177805328368,4,894.6471122131347,2073.896219302185,9422.408076104171,ml,,
2025-11-19,WDC,SELL,153.76937506866454,6,922.6162504119872,6347.621961022384,9422.408076104171,ml,,
2025-11-19,MPWR,SELL,884.2076994018555,1,884.2076994018555,5425.005710610397,9422.408076104171,ml,,
2025-11-19,INTC,SELL,35.09244561004639,27,947.4960314712524,4540.7980112085415,9422.408076104171,ml,,
2025-11-19,TTD,BUY,40.21009362602234,23,924.8321533985138,5422.789807623871,9422.408076104171,ml,,
2025-11-19,ANET,SELL,124.74759255981444,7,873.2331479187012,3593.301979737289,9422.408076104171,ml,,
2025-11-20,DELL,SELL,117.34130152511597,7,821.3891106758117,5773.379370495804,9020.015847905166,ml,,
2025-11-20,APP,SELL,520.5595973205567,1,520.5595973205567,1683.2904739885407,9020.015847905166,ml,,
2025-11-20,MRNA,SELL,22.34882061004639,39,871.6040037918092,2554.89447778035,9020.015847905166,ml,,
2025-11-20,PLTR,SELL,155.6671226196289,5,778.3356130981446,3333.2300908784946,9020.015847905166,ml,,
2025-11-20,TTD,SELL,38.33082347488404,23,881.6089399223328,4214.839030800828,9020.015847905166,ml,,
2025-11-20,FSLR,SELL,245.71707633972167,3,737.151229019165,4951.990259819992,9020.015847905166,ml,,
2025-11-20,J,BUY,128.923270362854,6,773.539622177124,4999.83974831868,9020.015847905166,ml,,
2025-11-20,MU,BUY,201.4706801147461,4,805.8827204589844,3343.8521951875764,9020.015847905166,ml,,
2025-11-20,AXON,BUY,519.8697903442383,1,519.8697903442383,2823.9824048433384,9020.015847905166,ml,,
2025-11-20,HPE,BUY,20.03001045799256,45,901.3504706096649,1922.6319342336733,9020.015847905166,ml,,
2025-11-20,DDOG,BUY,159.64979232788085,5,798.2489616394042,1124.3829725942692,9020.015847905166,ml,,
2025-11-20,PORTFOLIO,VALUE,1.0,0,0.0,0.0,9020.02,ml,,
2025-11-20,HOOD,BUY,106.2631040840149,8,850.1048326721192,4149.734915646561,9020.015847905166,ml,,
2025-11-21,PORTFOLIO,VALUE,1.0,0,0.0,0.0,9136.22,ml,,
2025-11-21,GEV,BUY,556.1179468688965,1,556.1179468688965,5700.2413902082535,9136.221847411163,ml,,
2025-11-21,APP,BUY,520.5201397705079,1,520.5201397705079,4361.572382575045,9136.221847411163,ml,,
2025-11-21,NRG,BUY,159.2795969467163,5,796.3979847335816,6256.35933707715,9136.221847411163,ml,,
2025-11-21,HPE,SELL,20.50974045753479,45,922.9383205890656,7052.757321810731,9136.221847411163,ml,,
2025-11-21,HOOD,SELL,107.24635305023192,8,857.9708244018555,5300.7537607431495,9136.221847411163,ml,,
2025-11-21,SMCI,SELL,32.17390362739563,27,868.695397939682,4442.782936341294,9136.221847411163,ml,,
2025-11-21,AMD,SELL,203.67810877990723,4,814.7124351196289,3574.087538401612,9136.221847411163,ml,,
2025-11-21,BLDR,SELL,101.56919274520874,9,914.1227347068786,2759.375103281983,9136.221847411163,ml,,
2025-11-21,COIN,SELL,240.2897986602783,3,720.869395980835,1845.252368575104,9136.221847411163,ml,,
2025-11-21,ORCL,BUY,198.8593745040893,4,795.4374980163574,3566.134884558687,9136.221847411163,ml,,
2025-11-21,MU,SELL,207.2663101196289,4,829.0652404785156,6129.8190012216655,9136.221847411163,ml,,
2025-11-21,TSLA,BUY,391.2855413360596,2,782.5710826721191,2783.563801886568,9136.221847411163,ml,,
2025-11-21,ALB,BUY,116.87840969467165,7,818.1488678627014,4882.092522345552,9136.221847411163,ml,,
2025-11-21,FISV,BUY,60.87042015266418,15,913.0563022899628,1870.5074995966047,9136.221847411163,ml,,
2025-11-24,TSLA,SELL,417.5711087799072,2,835.1422175598144,5474.104366463671,9315.037002465258,ml,,
2025-11-24,LULU,BUY,169.7548331680298,5,848.774165840149,3726.500979022036,9315.037002465258,ml,,
2025-11-24,DASH,BUY,188.1740418319702,4,752.6961673278809,2973.8048116941545,9315.037002465258,ml,,
2025-11-24,SMCI,BUY,33.33665969467163,27,900.089811756134,2073.7149999380204,9315.037002465258,ml,,
2025-11-24,PORTFOLIO,VALUE,1.0,0,0.0,0.0,9315.04,ml,,
2025-11-24,J,SELL,132.4836517944336,6,794.9019107666015,2665.409410363207,9315.037002465258,ml,,
2025-11-24,NRG,SELL,166.76658110046387,5,833.8329055023194,3499.2423158655265,9315.037002465258,ml,,
2025-11-24,GEV,SELL,580.1997452392578,1,580.1997452392578,4079.442061104784,9315.037002465258,ml,,
2025-11-24,MRNA,BUY,24.16207461833954,38,918.1588354969024,1155.5561644411175,9315.037002465258,ml,,
2025-11-24,TTD,BUY,39.07953137397766,23,898.8292216014861,4575.275144862185,9315.037002465258,ml,,
2025-11-24,APP,SELL,559.5200877990723,1,559.5200877990723,4638.962148903856,9315.037002465258,ml,,
2025-11-25,COIN,BUY,254.2470551147461,3,762.7411653442383,6216.0919065370645,9441.776177105912,ml,,
2025-11-25,MRNA,SELL,24.737625,38,940.02975,6978.833071881303,9441.776177105912,ml,,
2025-11-25,DASH,SELL,195.39226049041747,4,781.5690419616699,6038.803321881303,9441.776177105912,ml,,
2025-11-25,AXON,SELL,528.6255696411133,1,528.6255696411133,1684.181734082231,9441.776177105912,ml,,
2025-11-25,TTD,SELL,39.0704551525116,23,898.6204685077668,4370.128082371721,9441.776177105912,ml,,
2025-11-25,FISV,SELL,60.72961832237244,15,910.9442748355866,3471.5076138639542,9441.776177105912,ml,,
2025-11-25,ALB,SELL,125.19737213516235,7,876.3816049461365,2560.5633390283674,9441.776177105912,ml,,
2025-11-25,VST,BUY,170.92541633605958,5,854.6270816802979,4436.4425472993935,9441.776177105912,ml,,
2025-11-25,LULU,SELL,177.4212395095825,5,887.1061975479125,5257.234279919633,9441.776177105912,ml,,
2025-11-25,GEV,BUY,572.846277557373,1,572.846277557373,3863.596269742021,9441.776177105912,ml,,
2025-11-25,HOOD,BUY,115.62778469467165,8,925.0222775573732,5291.069628979692,9441.776177105912,ml,,
2025-11-25,APP,BUY,556.3080443115234,1,556.3080443115234,2482.355945889481,9441.776177105912,ml,,
2025-11-25,PORTFOLIO,VALUE,1.0,0,0.0,0.0,9441.78,ml,,
2025-11-25,AMD,BUY,206.2330698852539,4,824.9322795410156,3038.6639902010047,9441.776177105912,ml,,
2025-11-25,TPL,BUY,863.2411582946777,1,863.2411582946777,1619.1147875948038,9441.776177105912,ml,,
2025-11-26,ORCL,SELL,204.85752671051023,4,819.430106842041,2438.544894436845,9716.237376706133,ml,,
2025-11-26,COIN,SELL,264.8375162200928,3,794.5125486602783,3233.057443097124,9716.237376706133,ml,,
2025-11-26,HOOD,SELL,128.13589694976807,8,1025.0871755981443,4258.144618695268,9716.237376706133,ml,,
2025-11-26,AMD,SELL,214.1328854904175,4,856.53154196167,5114.676160656938,9716.237376706133,ml,,
2025-11-26,APP,SELL,586.0768101196289,1,586.0768101196289,5700.752970776567,9716.237376706133,ml,,
2025-11-26,TTD,BUY,39.12955561065674,24,939.1093346557616,4761.643636120805,9716.237376706133,ml,,
2025-11-26,ALB,BUY,126.97345866394043,7,888.8142106475831,3872.8294254732223,9716.237376706133,ml,,
2025-11-26,CEG,BUY,359.26954133605955,2,718.5390826721191,3154.290342801103,9716.237376706133,ml,,
2025-11-26,MRNA,BUY,25.02250522899628,38,950.8551987018584,2203.435144099245,9716.237376706133,ml,,
2025-11-26,PLTR,BUY,165.85288927459715,5,829.2644463729858,1374.1706977262588,9716.237376706133,ml,,
2025-11-26,PORTFOLIO,VALUE,1.0,0,0.0,0.0,9716.24,ml,,
2025-11-28,PORTFOLIO,VALUE,1.0,0,0.0,0.0,9862.51,ml,,
2025-11-28,GEV,SELL,599.4701345214844,1,599.4701345214844,3686.783763617525,9862.51066354657,ml,,
2025-11-28,DDOG,SELL,159.92998950958253,5,799.6499475479127,2173.8206452741715,9862.51066354657,ml,,
2025-11-28,ORCL,BUY,202.05097194671632,4,808.2038877868653,1141.2646758852088,9862.51066354657,ml,,
2025-11-28,AMD,BUY,217.63876377868647,4,870.5550551147461,1949.4685636720744,9862.51066354657,ml,,
2025-11-28,PSKY,BUY,16.028010457992554,61,977.708637937546,3705.416808255204,9862.51066354657,ml,,
2025-11-28,HOOD,BUY,128.55425049591065,7,899.8797534713746,4683.12544619275,9862.51066354657,ml,,
2025-11-28,MRNA,SELL,25.96700954246521,38,986.746362613678,5583.005199664125,9862.51066354657,ml,,
2025-11-28,ALB,SELL,129.9250104904175,7,909.4750734329224,4596.258837050447,9862.51066354657,ml,,
2025-11-28,SMCI,SELL,33.83307347488403,27,913.4929838218688,3087.31362909604,9862.51066354657,ml,,
2025-11-28,NVDA,BUY,177.07863789367676,5,885.3931894683838,2820.0236187868204,9862.51066354657,ml,,
2025-12-01,PORTFOLIO,VALUE,1.0,0,0.0,0.0,9772.01,ml,,
2025-12-01,SMCI,BUY,33.42670484733581,29,969.3744405727384,1106.9083046903688,9772.01462724782,ml,,
2025-12-01,CEG,SELL,358.87046279907224,2,717.7409255981445,1859.0056014833533,9772.01462724782,ml,,
2025-12-01,HOOD,SELL,123.17837786483764,7,862.2486450538635,2721.2542465372167,9772.01462724782,ml,,
2025-12-01,NVDA,SELL,179.82003340911865,5,899.1001670455933,3620.3544135828097,9772.01462724782,ml,,
2025-12-01,MRNA,BUY,24.172079847335816,40,966.8831938934328,2653.471219689377,9772.01462724782,ml,,
2025-12-01,GEV,BUY,577.1884744262695,1,577.1884744262695,2076.2827452631072,9772.01462724782,ml,,
2025-12-02,HOOD,BUY,126.0129719467163,7,882.0908036270141,1032.672358267792,9795.61830377484,ml,,
2025-12-02,COIN,BUY,263.3916397705078,3,790.1749193115235,1914.7631618948064,9795.61830377484,ml,,
2025-12-02,NRG,BUY,164.1620418319702,5,820.8102091598511,2704.9380812063296,9795.61830377484,ml,,
2025-12-02,GEV,SELL,601.2792270812988,1,601.2792270812988,3525.7482903661808,9795.61830377484,ml,,
2025-12-02,PORTFOLIO,VALUE,1.0,0,0.0,0.0,9795.62,ml,,
2025-12-02,PSKY,SELL,15.812089694976809,61,964.5374713935852,2924.469063284882,9795.61830377484,ml,,
2025-12-02,PLTR,SELL,170.60465744018555,5,853.0232872009277,1959.9315918912969,9795.61830377484,ml,,
2025-12-03,ALB,BUY,126.5532428627014,7,885.8727000389099,4842.710065592774,10017.61239885617,ml,,
2025-12-03,GEV,BUY,602.2709556884765,1,602.2709556884765,5728.582765631684,10017.61239885617,ml,,
2025-12-03,XYZ,BUY,61.14055561065674,16,978.2488897705078,6330.853721320161,10017.61239885617,ml,,
2025-12-03,HOOD,SELL,133.57317938995362,7,935.0122557296754,7309.102611090669,10017.61239885617,ml,,
2025-12-03,COIN,SELL,276.78155342102053,3,830.3446602630615,6374.090355360993,10017.61239885617,ml,,
2025-12-03,FISV,BUY,66.9834719467163,14,937.7686072540284,1432.1256207075207,10017.61239885617,ml,,
2025-12-03,MRNA,SELL,25.1674103050232,40,1006.6964122009276,4710.312598746308,10017.61239885617,ml,,
2025-12-03,ORCL,SELL,207.62613072967528,4,830.5045229187011,3703.61618654538,10017.61239885617,ml,,
2025-12-03,TTD,SELL,38.59069561004639,24,926.1766946411132,2873.111663626679,10017.61239885617,ml,,
2025-12-03,TPL,SELL,914.2626107177734,1,914.2626107177734,1946.934968985565,10017.61239885617,ml,,
2025-12-03,REGN,BUY,724.0318179016114,1,724.0318179016114,4118.678247691163,10017.61239885617,ml,,
2025-12-03,NRG,SELL,166.6866192703247,5,833.4330963516236,5543.745695097932,10017.61239885617,ml,,
2025-12-03,STX,BUY,258.79934843444823,3,776.3980453033447,2369.894227961549,10017.61239885617,ml,,
2025-12-03,SNDK,BUY,194.4771948852539,5,972.3859744262696,3146.292273264893,10017.61239885617,ml,,
2025-12-03,PORTFOLIO,VALUE,1.0,0,0.0,0.0,10017.61,ml,,
2025-12-04,VST,SELL,175.98197232055665,5,879.9098616027833,2312.035482310304,10138.275542124757,ml,,
2025-12-04,PORTFOLIO,VALUE,1.0,0,0.0,0.0,10138.28,ml,,
2025-12-04,MRNA,BUY,25.502744771003723,39,994.6070460691452,835.2379089202981,10138.275542124757,ml,,
2025-12-04,DDOG,BUY,153.0765,6,918.459,1829.8449549894435,10138.275542124757,ml,,
2025-12-04,ARE,BUY,46.613295152664186,21,978.879198205948,3655.3572305631737,10138.275542124757,ml,,
2025-12-04,COIN,BUY,274.18701278686524,3,822.5610383605957,4634.236428769122,10138.275542124757,ml,,
2025-12-04,CMG,BUY,34.16707652664184,29,990.8452192726136,5456.797467129717,10138.275542124757,ml,,
2025-12-04,MU,BUY,226.76331889343265,4,907.0532755737304,2748.303954989444,10138.275542124757,ml,,
2025-12-04,STX,SELL,265.4971898803711,3,796.4915696411133,7351.514440369616,10138.275542124757,ml,,
2025-12-04,SNDK,SELL,213.20334255981444,5,1066.016712799072,6555.022870728502,10138.275542124757,ml,,
2025-12-04,REGN,SELL,722.4385877990723,1,722.4385877990723,5489.00615792943,10138.275542124757,ml,,
2025-12-04,ALB,SELL,119.0804293899536,7,833.5630057296753,4766.567570130357,10138.275542124757,ml,,
2025-12-04,GEV,SELL,628.7954303588867,1,628.7954303588867,3933.004564400682,10138.275542124757,ml,,
2025-12-04,SMCI,SELL,34.21288454246521,29,992.1736517314912,3304.209134041795,10138.275542124757,ml,,
2025-12-04,MOH,BUY,150.64529232788087,6,903.8717539672851,6447.642686402331,10138.275542124757,ml,,
2025-12-05,MU,SELL,237.1013912200928,4,948.4055648803712,3678.115727655421,10210.127950271615,ml,,
2025-12-05,MOH,SELL,151.7840706100464,6,910.7044236602784,1745.9423325805765,10210.127950271615,ml,,
2025-12-05,PORTFOLIO,VALUE,1.0,0,0.0,0.0,10210.13,ml,,
2025-12-05,CMG,SELL,33.92302862739563,29,983.7678301944732,2729.71016277505,10210.127950271615,ml,,
2025-12-05,HOOD,BUY,132.01597194671632,7,924.1118036270144,736.0754544105628,10210.127950271615,ml,,
2025-12-05,WRB,BUY,66.75336122131348,15,1001.3004183197022,1660.187258037577,10210.127950271615,ml,,
2025-12-05,PSKY,BUY,13.37668488550186,76,1016.6280512981416,2661.48767635728,10210.127950271615,ml,,
2025-12-08,PORTFOLIO,VALUE,1.0,0,0.0,0.0,10362.34,ml,,
2025-12-08,DDOG,SELL,154.20285877990722,6,925.2171526794432,2483.4813436927893,10362.335481342325,ml,,
2025-12-08,BAX,BUY,18.169079847335816,57,1035.6375512981415,5598.077545353899,10362.335481342325,ml,,
2025-12-08,PODD,BUY,296.338097442627,3,889.0142923278809,3685.4517427187066,10362.335481342325,ml,,
2025-12-08,TTD,BUY,39.36967347335816,26,1023.611510307312,4574.466035046587,10362.335481342325,ml,,
2025-12-08,LYB,BUY,42.30113877868652,24,1015.2273306884764,643.0313484411338,10362.335481342325,ml,,
2025-12-08,HOOD,SELL,136.36177767944335,7,954.5324437561036,6633.71509665204,10362.335481342325,ml,,
2025-12-08,WRB,SELL,66.57669561004639,15,998.6504341506958,5679.182652895937,10362.335481342325,ml,,
2025-12-08,PSKY,SELL,14.562714694976806,76,1106.766316818237,4680.532218745241,10362.335481342325,ml,,
2025-12-08,INTC,BUY,40.32014923667908,25,1008.003730916977,2677.448011801729,10362.335481342325,ml,,
2025-12-08,MRNA,SELL,27.95601431369781,39,1090.2845582342147,3573.765901927004,10362.335481342325,ml,,
2025-12-08,COIN,SELL,274.0629122009277,3,822.1887366027831,1558.264191013346,10362.335481342325,ml,,
2025-12-08,WDC,BUY,169.86488877868652,6,1019.1893326721192,1658.2586791296103,10362.335481342325,ml,,
2025-12-09,BAX,SELL,18.150919847488403,57,1034.602431306839,1677.6337797479728,10391.24132845212,ml,,
2025-12-09,TTD,SELL,39.38030152511597,26,1023.8878396530152,2701.521619400988,10391.24132845212,ml,,
2025-12-09,PODD,SELL,294.0529122009277,3,882.1587366027832,3583.6803560037715,10391.24132845212,ml,,
2025-12-09,LYB,SELL,42.75860877990723,24,1026.2066107177734,4609.886966721545,10391.24132845212,ml,,
2025-12-09,NFLX,BUY,96.7583540840149,10,967.583540840149,3642.303425881396,10391.24132845212,ml,,
2025-12-09,PSKY,BUY,14.647320343494416,70,1025.312424044609,2616.991001836787,10391.24132845212,ml,,
2025-12-09,HOOD,BUY,135.7778617172241,7,950.4450320205688,834.0499737835032,10391.24132845212,ml,,
2025-12-09,PORTFOLIO,VALUE,1.0,0,0.0,0.0,10391.24,ml,,
2025-12-09,COIN,BUY,277.4986653442383,3,832.4959960327149,1784.495005804072,10391.24132845212,ml,,
2025-12-10,FISV,SELL,66.53671469497681,14,931.5140057296752,2777.697674154292,10483.809977827084,ml,,
2025-12-10,MOH,BUY,160.60026427459718,6,963.6015856475832,800.3529372396572,10483.809977827084,ml,,
2025-12-10,TTD,BUY,39.239611221313474,26,1020.2298917541503,1763.9545228872405,10483.809977827084,ml,,
2025-12-10,BAX,BUY,18.26913022899628,57,1041.340423052788,2784.1844146413905,10483.809977827084,ml,,
2025-12-10,CMG,BUY,33.95696862602234,30,1018.70905878067,3825.5248376941786,10483.809977827084,ml,,
2025-12-10,XYZ,SELL,63.25835591506958,16,1012.1336946411132,1846.1836684246164,10483.809977827084,ml,,
2025-12-10,ARE,SELL,46.446766220092776,21,975.3820906219484,3753.07976477624,10483.809977827084,ml,,
2025-12-10,PORTFOLIO,VALUE,1.0,0,0.0,0.0,10483.81,ml,,
2025-12-10,WDC,SELL,181.85902194976808,6,1091.1541316986086,4844.233896474849,10483.809977827084,ml,,
2025-12-11,PORTFOLIO,VALUE,1.0,0,0.0,0.0,10334.81,ml,,
2025-12-11,AMD,SELL,217.45121755981447,4,869.8048702392579,1670.157807478915,10334.809932250031,ml,,
2025-12-11,NFLX,SELL,94.04295133972168,10,940.4295133972169,2610.587320876132,10334.809932250031,ml,,
2025-12-11,TTD,SELL,37.18609811973572,26,966.8385511131288,3577.4258719892605,10334.809932250031,ml,,
2025-12-11,ARE,BUY,45.59278469467163,22,1003.0412632827758,2574.384608706485,10334.809932250031,ml,,
2025-12-11,FISV,BUY,68.31914616394043,15,1024.7871924591066,1549.5974162473783,10334.809932250031,ml,,
2025-12-11,SMCI,BUY,34.03701045799255,30,1021.1103137397764,528.4871025076018,10334.809932250031,ml,,
2025-12-12,SMCI,SELL,32.31383683013916,30,969.4151049041748,5708.625738956463,10284.726118086826,ml,,
2025-12-12,PORTFOLIO,VALUE,1.0,0,0.0,0.0,10284.73,ml,,
2025-12-12,SNDK,BUY,206.28308267211915,4,825.1323306884766,4883.493408267986,10284.726118086826,ml,,
2025-12-12,ORCL,BUY,190.0649862213135,5,950.3249311065674,2369.407006702434,10284.726118086826,ml,,
2025-12-12,AMD,BUY,210.8853887786865,4,843.5415551147461,3319.731937809001,10284.726118086826,ml,,
2025-12-12,NOW,BUY,173.09849940490722,5,865.4924970245361,1503.914509677898,10284.726118086826,ml,,
2025-12-12,CMG,SELL,36.121929389953614,30,1083.6578816986084,1612.1449842062102,10284.726118086826,ml,,
2025-12-12,AVGO,BUY,360.10995767211915,2,720.2199153442383,4163.273492923748,10284.726118086826,ml,,
2025-12-12,MOH,SELL,168.41575,6,1010.4945,3713.643687473308,10284.726118086826,ml,,
2025-12-12,ARE,SELL,46.61667938995361,22,1025.5669465789797,4739.210634052288,10284.726118086826,ml,,
2025-12-12,BAX,SELL,19.14042461872101,57,1091.0042032670976,2703.149187473308,10284.726118086826,ml,,
2025-12-15,FISV,SELL,68.93551622009278,15,1034.0327433013915,2537.9472529792897,10017.076617145549,ml,,
2025-12-15,SNDK,SELL,201.7690601196289,4,807.0762404785156,3345.023493457805,10017.076617145549,ml,,
2025-12-15,SMCI,BUY,31.38568583965301,31,972.9562610292436,2372.067232428561,10017.076617145549,ml,,
2025-12-15,PORTFOLIO,VALUE,1.0,0,0.0,0.0,10017.08,ml,,
2025-12-15,WDC,BUY,172.1260132827759,5,860.6300664138794,1511.437166014682,10017.076617145549,ml,,
2025-12-16,PORTFOLIO,VALUE,1.0,0,0.0,0.0,10101.63,ml,,
2025-12-16,HOOD,SELL,119.34030152511596,7,835.3821106758118,2346.819276690494,10101.626825133337,ml,,
2025-12-16,AMD,SELL,209.06541316986085,4,836.2616526794434,3183.0809293699376,10101.626825133337,ml,,
2025-12-16,NOW,SELL,156.14588702392578,5,780.7294351196289,3963.8103644895664,10101.626825133337,ml,,
2025-12-16,APP,BUY,677.6386377868653,1,677.6386377868653,3286.171726702701,10101.626825133337,ml,,
2025-12-16,DDOG,BUY,140.1200280532837,7,980.840196372986,2305.331530329715,10101.626825133337,ml,,
2025-12-16,FISV,BUY,67.73384694671631,14,948.2738572540284,1357.0576730756866,10101.626825133337,ml,,
2025-12-17,GEV,BUY,614.4970974426269,1,614.4970974426269,3194.614520231257,9775.777741053593,ml,,
2025-12-17,PORTFOLIO,VALUE,1.0,0,0.0,0.0,9775.78,ml,,
2025-12-17,PSKY,SELL,13.043475190639496,70,913.0432633447648,2270.100936420451,9775.777741053593,ml,,
2025-12-17,SMCI,SELL,29.8250801525116,31,924.5774847278594,3194.6784211483105,9775.777741053593,ml,,
2025-12-17,WDC,SELL,166.17686450958251,5,830.8843225479126,4025.562743696223,9775.777741053593,ml,,
2025-12-17,APP,SELL,656.801439880371,1,656.801439880371,4682.364183576594,9775.777741053593,ml,,
2025-12-17,FISV,SELL,68.29583683013917,14,956.1417156219484,5638.505899198543,9775.777741053593,ml,,
2025-12-17,AMD,BUY,198.20905561065675,4,792.836222442627,1574.044630460749,9775.777741053593,ml,,
2025-12-17,SNDK,BUY,206.93341683197025,4,827.7336673278809,2366.880852903376,9775.777741053593,ml,,
2025-12-17,HOOD,BUY,115.85790305328368,8,926.8632244262697,4711.642674772273,9775.777741053593,ml,,
2025-12-17,MU,BUY,225.6327642745972,4,902.5310570983888,3809.111617673884,9775.777741053593,ml,,
2025-12-18,SMCI,BUY,29.384685839653017,33,969.6946327085496,1919.445897631656,9979.574598722467,ml,,
2025-12-18,ORCL,SELL,179.93998377990724,5,899.6999188995362,2473.7445493602854,9979.574598722467,ml,,
2025-12-18,DDOG,SELL,138.22084828948974,7,967.5459380264282,3441.2904873867137,9979.574598722467,ml,,
2025-12-18,MU,SELL,248.42572805023192,4,993.7029122009276,4434.993399587642,9979.574598722467,ml,,
2025-12-18,GEV,SELL,639.1102776794434,1,639.1102776794434,5074.103677267085,9979.574598722467,ml,,
2025-12-18,SNDK,SELL,219.35027671051023,4,877.401106842041,5951.504784109126,9979.574598722467,ml,,
2025-12-18,AMD,SELL,200.95946755981444,4,803.8378702392578,6755.342654348384,9979.574598722467,ml,,
2025-12-18,GNRC,BUY,137.05850049591064,7,959.4095034713744,5795.933150877009,9979.574598722467,ml,,
2025-12-18,PORTFOLIO,VALUE,1.0,0,0.0,0.0,9979.57,ml,,
2025-12-18,MCHP,BUY,64.09202755737304,15,961.3804133605956,4834.552737516414,9979.574598722467,ml,,
2025-12-18,PSKY,BUY,13.016505228996277,76,989.254397403717,3845.2983401126967,9979.574598722467,ml,,
2025-12-18,GLW,BUY,86.92343725204468,11,956.1578097724914,2889.1405303402053,9979.574598722467,ml,,
2025-12-18,LYB,BUY,43.08153137397766,23,990.8752216014864,928.5706760301696,9979.574598722467,ml,,
2025-12-19,PORTFOLIO,VALUE,1.0,0,0.0,0.0,10158.14,ml,,
2025-12-22,SMCI,SELL,31.05,33,1024.8,1024.8,9645.75,ml,,
2025-12-22,COIN,SELL,247.78,3,743.33,1768.13,9504.37,ml,,
2025-12-22,AVGO,BUY,341.65,1,341.65,1426.48,9504.37,ml,,
2025-12-22,NFLX,BUY,93.28,7,652.94,773.54,9504.37,ml,,
2025-12-23,AVGO,BUY,341.65,1,341.65,431.89,9518.71,ml,,
2025-12-23,NFLX,BUY,93.28,2,186.55,245.34,9518.71,ml,,
2025-12-22,PORTFOLIO,VALUE,1.0,0,0.0,0.0,10184.24,ml,,
2025-12-26,PORTFOLIO,VALUE,1.0,0,0.0,0.0,10252.85,ml,,
2025-12-29,PORTFOLIO,VALUE,1.0,0,0.0,0.0,10219.03,ml,,
2025-12-31,PORTFOLIO,VALUE,1.0,0,0.0,0.0,10117.48,ml,,
2026-01-02,PORTFOLIO,VALUE,1.0,0,0.0,0.0,10272.62,ml,,
2026-01-05,PORTFOLIO,VALUE,1.0,0,0.0,0.0,10398.2,ml,,
2026-01-05,GNRC,SELL,148.61,7,1040.24,1040.24,9260.02,ml,,
2026-01-05,AVGO,BUY,343.59,1,343.59,696.65,9260.03,ml,,
2026-01-05,PEP,BUY,139.99,3,419.97,276.68,9260.03,ml,,
2026-01-07,PORTFOLIO,VALUE,1.0,0,0.0,0.0,10447.24,ml,,
2026-01-07,PSKY,SELL,12.36,76,939.65,939.65,8771.62,ml,,
2026-01-07,PEP,BUY,137.08,5,685.39,254.26,8771.62,ml,,
2026-01-09,PORTFOLIO,VALUE,1.0,0,0.0,0.0,10600.75,ml,,
2026-01-09,MCHP,SELL,75.18,15,1127.74,1127.74,8741.27,ml,,
2026-01-12,PORTFOLIO,VALUE,1.0,0,0.0,0.0,10645.82,ml,,
2026-01-13,PORTFOLIO,VALUE,1.0,0,0.0,0.0,10818.62,ml,,
2026-01-15,LYB,SELL,51.97,23,1195.4,1195.4,7795.93,ml,,
2026-01-15,INTC,SELL,48.7,25,1217.39,2412.79,8081.68,ml,,
2026-01-15,AVGO,SELL,339.72,5,1698.6,4111.39,8033.17,ml,,
2026-01-15,DDOG,BUY,122.47,3,367.41,3743.98,8033.17,ml,,
2026-01-15,VZ,BUY,39.85,1,39.85,3704.13,8103.61,ml,,
2026-01-15,CRM,BUY,239.69,2,479.38,3224.75,8103.61,ml,,
2026-01-15,HPQ,BUY,20.78,1,20.78,3203.97,8103.61,ml,,
2026-01-15,NFLX,BUY,88.59,10,885.94,2318.03,8103.61,ml,,
2026-01-15,V,BUY,329.33,2,658.67,1659.36,8126.05,ml,,
2026-01-15,PSKY,BUY,12.09,1,12.09,1647.27,8126.04,ml,,
2026-01-15,PORTFOLIO,VALUE,1.0,0,0.0,0.0,10856.73,ml,,
2026-01-16,PORTFOLIO,VALUE,1.0,0,0.0,0.0,10793.5,ml,,
2026-01-16,DDOG,SELL,120.8,3,362.4,362.4,6406.37,ml,,
2026-01-16,PSKY,SELL,11.82,1,11.82,374.22,6403.06,ml,,
2026-01-16,HOOD,SELL,110.29,8,882.36,1256.58,6281.16,ml,,
2026-01-16,ADBE,BUY,304.24,1,304.24,952.34,6281.16,ml,,
2026-01-16,VZ,BUY,39.38,12,472.56,479.78,6281.16,ml,,
2026-01-16,V,SELL,327.59,2,655.17,1134.95,6277.67,ml,,
2026-01-16,CRM,SELL,233.41,2,466.83,1601.78,6265.12,ml,,
2026-01-16,UNH,BUY,339.13,1,339.13,1262.65,6265.12,ml,,
2026-01-16,DIS,BUY,113.47,6,680.8,581.85,6265.12,ml,,
2026-01-17,ADBE,SELL,303.94,1,303.94,885.79,6264.84,ml,,
2026-01-17,FDS,BUY,289.82,1,289.82,595.97,6264.84,ml,,
2026-01-17,KVUE,BUY,17.27,1,17.27,578.7,6258.15,ml,,
2026-01-17,UNH,BUY,339.13,1,339.13,239.57,6255.99,ml,,
2026-01-19,VZ,SELL,38.89,13,505.58,745.15,6249.15,ml,,
2026-01-19,CCL,BUY,28.93,14,405.08,340.07,6249.16,ml,,
2026-01-19,NWSA,BUY,26.26,3,78.79,261.28,6243.54,ml,,
2026-01-19,KVUE,BUY,17.21,1,17.21,244.07,6243.53,ml,,
2026-01-20,PORTFOLIO,VALUE,1.0,0,0.0,0.0,10737.88,ml,,
2026-01-20,NWSA,SELL,25.86,3,77.57,77.57,5996.16,ml,,
2026-01-20,CCL,SELL,28.01,14,392.08,469.65,5988.78,ml,,
2026-01-20,FDS,SELL,276.91,1,276.91,746.56,5982.56,ml,,
2026-01-20,DECK,BUY,98.03,5,490.14,256.42,5982.56,ml,,
2026-01-20,PFE,BUY,25.53,1,25.53,230.89,5953.84,ml,,
2026-01-21,PORTFOLIO,VALUE,1.0,0,0.0,0.0,10743.82,ml,,
2026-01-22,PORTFOLIO,VALUE,1.0,0,0.0,0.0,10712.09,ml,,
2026-01-22,PEP,SELL,144.33,8,1154.62,1154.62,5772.2,ml,,
2026-01-22,NFLX,SELL,83.5,19,1586.47,2741.09,5594.29,ml,,
2026-01-22,AMZN,BUY,234.46,2,468.91,2272.18,5594.29,ml,,
2026-01-22,NWSA,BUY,26.74,2,53.49,2218.69,5594.3,ml,,
2026-01-22,DIS,BUY,113.27,6,679.6,1539.09,5593.71,ml,,
2026-01-22,KVUE,BUY,17.76,1,17.76,1521.33,5593.73,ml,,
2026-01-23,PORTFOLIO,VALUE,1.0,0,0.0,0.0,10676.41,ml,,
2026-01-26,PORTFOLIO,VALUE,1.0,0,0.0,0.0,10695.0,ml,,
2026-01-27,PORTFOLIO,VALUE,1.0,0,0.0,0.0,10717.82,ml,,
2026-01-27,UNH,SELL,282.56,2,565.12,565.12,3956.65,ml,,
2026-01-28,PORTFOLIO,VALUE,1.0,0,0.0,0.0,10627.3,ml,,
2026-01-29,PORTFOLIO,VALUE,1.0,0,0.0,0.0,10646.82,ml,,
2026-01-30,PORTFOLIO,VALUE,1.0,0,0.0,0.0,10758.09,ml,,
2026-02-02,PORTFOLIO,VALUE,1.0,0,0.0,0.0,10727.95,ml,,
2026-02-03,DIS,SELL,104.4,12,1252.77,1252.77,3283.87,ml,,
2026-02-03,PORTFOLIO,VALUE,1.0,0,0.0,0.0,10726.23,ml,,
2026-02-03,NWSA,SELL,25.0,2,49.99,49.99,2028.19,ml,,
2026-02-04,PORTFOLIO,VALUE,1.0,0,0.0,0.0,10678.48,ml,,
2026-02-05,PORTFOLIO,VALUE,1.0,0,0.0,0.0,10685.8,ml,,
2026-02-05,AMZN,SELL,222.58,2,445.16,445.16,1954.43,ml,,
2026-02-05,PG,BUY,158.69,1,158.69,286.47,1954.43,ml,,
2026-02-06,PORTFOLIO,VALUE,1.0,0,0.0,0.0,10811.94,ml,,
2026-02-09,PORTFOLIO,VALUE,1.0,0,0.0,0.0,10906.64,ml,,
2026-02-10,PORTFOLIO,VALUE,1.0,0,0.0,0.0,10878.61,ml,,
2026-02-11,PORTFOLIO,VALUE,1.0,0,0.0,0.0,10932.31,ml,,
